mission_id,scenario,seed,spawn_index,target_speed_ms,duration_s,attack,attack_start_s,attack_channels,attack_mode,naive_bias_lat_m,naive_bias_lon_m,naive_noise_std_m,naive_bias_lat_start_m,naive_bias_lon_start_m,naive_bias_lat_step_m,naive_bias_lon_step_m,naive_bias_psi_start_deg,naive_bias_psi_step_deg,naive_bias_v_start_mps,naive_bias_v_step_mps,attack_acc_delay_s,attack_v_replay_lag_s,attack_gyro_dos,attack_v_dos
M0000,S1,20260870782430,64,9.23,213.3,enable,40.3,lat lon,naive,7.0,5.5,0.5,,,0.0,0.0,0.0,0.0,0.0,0.0,0.0,0.0,disable,disable
M0001,S1,20260870782431,144,9.89,242.9,enable,28.1,lat lon,naive,7.0,7.5,0.5,,,0.0,0.0,0.0,0.0,0.0,0.0,0.0,0.0,disable,disable
M0002,S1,20260870782432,146,6.83,254.9,enable,38.8,lat lon,naive,7.5,7.0,0.5,,,0.0,0.0,0.0,0.0,0.0,0.0,0.0,0.0,disable,disable
M0003,S1,20260870782433,152,9.6,223.4,enable,51.4,lat lon,naive,5.5,7.0,0.5,,,0.0,0.0,0.0,0.0,0.0,0.0,0.0,0.0,disable,disable
M0004,S1,20260870782434,44,8.82,272.4,enable,30.8,lat lon,naive,8.5,5.5,0.5,,,0.0,0.0,0.0,0.0,0.0,0.0,0.0,0.0,disable,disable
M0005,S1,20260870782435,65,7.49,207.8,enable,13.7,lat lon,naive,5.5,8.5,0.5,,,0.0,0.0,0.0,0.0,0.0,0.0,0.0,0.0,disable,disable
M0006,S1,20260870782436,5,8.39,159.1,enable,46.3,lat lon,naive,8.5,8.0,0.5,,,0.0,0.0,0.0,0.0,0.0,0.0,0.0,0.0,disable,disable
M0007,S1,20260870782437,26,6.09,239.1,enable,65.2,lat lon,naive,8.5,5.5,0.5,,,0.0,0.0,0.0,0.0,0.0,0.0,0.0,0.0,disable,disable
M0008,S1,20260870782438,0,9.38,215.1,enable,29.6,lat lon,naive,8.5,6.0,0.5,,,0.0,0.0,0.0,0.0,0.0,0.0,0.0,0.0,disable,disable
M0009,S1,20260870782439,86,7.51,151.7,enable,42.7,lat lon,naive,7.5,7.5,0.5,,,0.0,0.0,0.0,0.0,0.0,0.0,0.0,0.0,disable,disable
M0010,S1,20260870782440,26,8.46,266.7,enable,47.6,lat lon,naive,7.5,8.0,0.5,,,0.0,0.0,0.0,0.0,0.0,0.0,0.0,0.0,disable,disable
M0011,S1,20260870782441,106,8.59,264.7,enable,54.6,lat lon,naive,7.0,7.5,0.5,,,0.0,0.0,0.0,0.0,0.0,0.0,0.0,0.0,disable,disable
M0012,S1,20260870782442,54,8.83,294.6,enable,23.4,lat lon,naive,5.0,5.5,0.5,,,0.0,0.0,0.0,0.0,0.0,0.0,0.0,0.0,disable,disable
M0013,S1,20260870782443,102,6.75,184.0,enable,28.0,lat lon,naive,7.5,6.0,0.5,,,0.0,0.0,0.0,0.0,0.0,0.0,0.0,0.0,disable,disable
M0014,S1,20260870782444,6,7.9,164.6,enable,24.3,lat lon,naive,5.0,7.5,0.5,,,0.0,0.0,0.0,0.0,0.0,0.0,0.0,0.0,disable,disable
M0015,S1,20260870782445,129,9.31,164.5,enable,30.9,lat lon,naive,6.5,6.0,0.5,,,0.0,0.0,0.0,0.0,0.0,0.0,0.0,0.0,disable,disable
M0016,S1,20260870782446,101,6.04,80.3,enable,21.5,lat lon,naive,8.5,8.5,0.5,,,0.0,0.0,0.0,0.0,0.0,0.0,0.0,0.0,disable,disable
M0017,S1,20260870782447,74,8.57,67.1,enable,18.3,lat lon,naive,7.0,7.0,0.5,,,0.0,0.0,0.0,0.0,0.0,0.0,0.0,0.0,disable,disable
M0018,S1,20260870782448,74,8.55,101.5,enable,14.1,lat lon,naive,8.5,8.5,0.5,,,0.0,0.0,0.0,0.0,0.0,0.0,0.0,0.0,disable,disable
M0019,S1,20260870782449,94,9.99,150.9,enable,15.7,lat lon,naive,7.5,8.5,0.5,,,0.0,0.0,0.0,0.0,0.0,0.0,0.0,0.0,disable,disable
M0020,S1,20260870782450,133,7.26,218.9,enable,29.9,lat lon,naive,6.0,6.5,0.5,,,0.0,0.0,0.0,0.0,0.0,0.0,0.0,0.0,disable,disable
M0021,S1,20260870782451,0,6.1,182.7,enable,37.6,lat lon,naive,7.0,6.0,0.5,,,0.0,0.0,0.0,0.0,0.0,0.0,0.0,0.0,disable,disable
M0022,S1,20260870782452,55,7.68,283.5,enable,61.7,lat lon,naive,7.5,7.5,0.5,,,0.0,0.0,0.0,0.0,0.0,0.0,0.0,0.0,disable,disable
M0023,S1,20260870782453,54,6.13,199.6,enable,25.1,lat lon,naive,8.5,8.0,0.5,,,0.0,0.0,0.0,0.0,0.0,0.0,0.0,0.0,disable,disable
M0024,S1,20260870782454,89,9.75,61.3,enable,16.7,lat lon,naive,7.0,8.5,0.5,,,0.0,0.0,0.0,0.0,0.0,0.0,0.0,0.0,disable,disable
M0025,S1,20260870782455,117,9.46,175.9,enable,17.0,lat lon,naive,8.5,7.0,0.5,,,0.0,0.0,0.0,0.0,0.0,0.0,0.0,0.0,disable,disable
M0026,S1,20260870782456,150,9.26,165.7,enable,17.8,lat lon,naive,6.5,8.5,0.5,,,0.0,0.0,0.0,0.0,0.0,0.0,0.0,0.0,disable,disable
M0027,S1,20260870782457,29,7.18,205.6,enable,58.7,lat lon,naive,6.5,5.5,0.5,,,0.0,0.0,0.0,0.0,0.0,0.0,0.0,0.0,disable,disable
M0028,S1,20260870782458,154,7.55,131.5,enable,14.7,lat lon,naive,6.0,5.0,0.5,,,0.0,0.0,0.0,0.0,0.0,0.0,0.0,0.0,disable,disable
M0029,S1,20260870782459,6,9.72,180.9,enable,49.4,lat lon,naive,7.0,6.5,0.5,,,0.0,0.0,0.0,0.0,0.0,0.0,0.0,0.0,disable,disable
M0030,S1,20260870782460,38,6.8,238.4,enable,44.4,lat lon,naive,5.0,9.0,0.5,,,0.0,0.0,0.0,0.0,0.0,0.0,0.0,0.0,disable,disable
M0031,S1,20260870782461,44,8.11,138.9,enable,24.4,lat lon,naive,8.0,7.0,0.5,,,0.0,0.0,0.0,0.0,0.0,0.0,0.0,0.0,disable,disable
M0032,S1,20260870782462,113,8.16,135.7,enable,38.1,lat lon,naive,7.0,7.0,0.5,,,0.0,0.0,0.0,0.0,0.0,0.0,0.0,0.0,disable,disable
M0033,S1,20260870782463,115,7.9,242.4,enable,69.3,lat lon,naive,5.5,6.0,0.5,,,0.0,0.0,0.0,0.0,0.0,0.0,0.0,0.0,disable,disable
M0034,S1,20260870782464,58,7.3,238.7,enable,23.4,lat lon,naive,9.0,7.5,0.5,,,0.0,0.0,0.0,0.0,0.0,0.0,0.0,0.0,disable,disable
M0035,S1,20260870782465,2,7.78,134.5,enable,16.1,lat lon,naive,7.0,6.5,0.5,,,0.0,0.0,0.0,0.0,0.0,0.0,0.0,0.0,disable,disable
M0036,S1,20260870782466,75,6.62,142.4,enable,37.7,lat lon,naive,8.5,6.5,0.5,,,0.0,0.0,0.0,0.0,0.0,0.0,0.0,0.0,disable,disable
M0037,S1,20260870782467,17,8.87,126.8,enable,18.3,lat lon,naive,7.0,9.0,0.5,,,0.0,0.0,0.0,0.0,0.0,0.0,0.0,0.0,disable,disable
M0038,S1,20260870782468,116,6.63,297.2,enable,47.5,lat lon,naive,5.0,7.5,0.5,,,0.0,0.0,0.0,0.0,0.0,0.0,0.0,0.0,disable,disable
M0039,S1,20260870782469,144,7.66,77.8,enable,16.8,lat lon,naive,6.0,8.5,0.5,,,0.0,0.0,0.0,0.0,0.0,0.0,0.0,0.0,disable,disable
M0040,S1,20260870782470,5,8.97,178.5,enable,34.6,lat lon,naive,8.5,5.5,0.5,,,0.0,0.0,0.0,0.0,0.0,0.0,0.0,0.0,disable,disable
M0041,S1,20260870782471,110,7.96,81.1,enable,10.9,lat lon,naive,7.0,7.0,0.5,,,0.0,0.0,0.0,0.0,0.0,0.0,0.0,0.0,disable,disable
M0042,S1,20260870782472,36,6.78,163.7,enable,16.6,lat lon,naive,7.5,6.5,0.5,,,0.0,0.0,0.0,0.0,0.0,0.0,0.0,0.0,disable,disable
M0043,S1,20260870782473,4,9.29,290.0,enable,42.7,lat lon,naive,8.5,8.0,0.5,,,0.0,0.0,0.0,0.0,0.0,0.0,0.0,0.0,disable,disable
M0044,S1,20260870782474,85,6.68,169.1,enable,12.6,lat lon,naive,6.5,7.0,0.5,,,0.0,0.0,0.0,0.0,0.0,0.0,0.0,0.0,disable,disable
M0045,S1,20260870782475,30,8.73,260.1,enable,29.5,lat lon,naive,9.0,7.0,0.5,,,0.0,0.0,0.0,0.0,0.0,0.0,0.0,0.0,disable,disable
M0046,S1,20260870782476,63,9.62,140.4,enable,39.0,lat lon,naive,5.0,6.5,0.5,,,0.0,0.0,0.0,0.0,0.0,0.0,0.0,0.0,disable,disable
M0047,S1,20260870782477,88,8.95,279.7,enable,60.8,lat lon,naive,8.0,7.0,0.5,,,0.0,0.0,0.0,0.0,0.0,0.0,0.0,0.0,disable,disable
M0048,S1,20260870782478,120,7.27,271.2,enable,61.4,lat lon,naive,6.0,5.5,0.5,,,0.0,0.0,0.0,0.0,0.0,0.0,0.0,0.0,disable,disable
M0049,S1,20260870782479,88,8.82,289.6,enable,80.5,lat lon,naive,5.5,6.0,0.5,,,0.0,0.0,0.0,0.0,0.0,0.0,0.0,0.0,disable,disable
M0050,S1,20260870782480,58,6.9,213.5,enable,57.9,lat lon,naive,7.5,8.5,0.5,,,0.0,0.0,0.0,0.0,0.0,0.0,0.0,0.0,disable,disable
M0051,S1,20260870782481,106,9.68,117.2,enable,17.5,lat lon,naive,6.5,5.5,0.5,,,0.0,0.0,0.0,0.0,0.0,0.0,0.0,0.0,disable,disable
M0052,S1,20260870782482,130,9.56,242.9,enable,48.1,lat lon,naive,6.5,7.0,0.5,,,0.0,0.0,0.0,0.0,0.0,0.0,0.0,0.0,disable,disable
M0053,S1,20260870782483,75,6.18,244.8,enable,45.6,lat lon,naive,7.0,6.0,0.5,,,0.0,0.0,0.0,0.0,0.0,0.0,0.0,0.0,disable,disable
M0054,S1,20260870782484,26,8.82,294.1,enable,48.1,lat lon,naive,5.0,6.5,0.5,,,0.0,0.0,0.0,0.0,0.0,0.0,0.0,0.0,disable,disable
M0055,S1,20260870782485,103,6.79,200.2,enable,30.9,lat lon,naive,6.0,9.0,0.5,,,0.0,0.0,0.0,0.0,0.0,0.0,0.0,0.0,disable,disable
M0056,S1,20260870782486,24,7.36,200.1,enable,28.2,lat lon,naive,8.0,7.0,0.5,,,0.0,0.0,0.0,0.0,0.0,0.0,0.0,0.0,disable,disable
M0057,S1,20260870782487,153,8.0,288.1,enable,67.6,lat lon,naive,5.5,5.5,0.5,,,0.0,0.0,0.0,0.0,0.0,0.0,0.0,0.0,disable,disable
M0058,S1,20260870782488,44,8.02,105.4,enable,9.4,lat lon,naive,6.0,7.5,0.5,,,0.0,0.0,0.0,0.0,0.0,0.0,0.0,0.0,disable,disable
M0059,S1,20260870782489,114,8.33,108.7,enable,26.3,lat lon,naive,7.5,6.5,0.5,,,0.0,0.0,0.0,0.0,0.0,0.0,0.0,0.0,disable,disable
M0060,S1,20260870782490,75,7.05,69.1,enable,15.1,lat lon,naive,6.0,7.0,0.5,,,0.0,0.0,0.0,0.0,0.0,0.0,0.0,0.0,disable,disable
M0061,S1,20260870782491,63,6.45,144.3,enable,33.3,lat lon,naive,5.5,7.5,0.5,,,0.0,0.0,0.0,0.0,0.0,0.0,0.0,0.0,disable,disable
M0062,S1,20260870782492,103,8.98,153.0,enable,20.6,lat lon,naive,8.0,7.0,0.5,,,0.0,0.0,0.0,0.0,0.0,0.0,0.0,0.0,disable,disable
M0063,S1,20260870782493,42,8.97,170.4,enable,43.4,lat lon,naive,5.5,8.0,0.5,,,0.0,0.0,0.0,0.0,0.0,0.0,0.0,0.0,disable,disable
M0064,S1,20260870782494,67,8.35,278.0,enable,32.4,lat lon,naive,6.5,6.5,0.5,,,0.0,0.0,0.0,0.0,0.0,0.0,0.0,0.0,disable,disable
M0065,S1,20260870782495,92,9.2,299.4,enable,53.3,lat lon,naive,5.5,7.0,0.5,,,0.0,0.0,0.0,0.0,0.0,0.0,0.0,0.0,disable,disable
M0066,S1,20260870782496,84,6.23,269.1,enable,14.2,lat lon,naive,7.0,6.5,0.5,,,0.0,0.0,0.0,0.0,0.0,0.0,0.0,0.0,disable,disable
M0067,S1,20260870782497,104,9.23,142.6,enable,9.3,lat lon,naive,9.0,6.0,0.5,,,0.0,0.0,0.0,0.0,0.0,0.0,0.0,0.0,disable,disable
M0068,S1,20260870782498,134,6.11,206.2,enable,55.1,lat lon,naive,6.5,8.5,0.5,,,0.0,0.0,0.0,0.0,0.0,0.0,0.0,0.0,disable,disable
M0069,S1,20260870782499,36,9.98,252.1,enable,17.5,lat lon,naive,6.0,8.5,0.5,,,0.0,0.0,0.0,0.0,0.0,0.0,0.0,0.0,disable,disable
M0070,S1,20260870782500,63,8.78,262.7,enable,24.6,lat lon,naive,5.5,7.5,0.5,,,0.0,0.0,0.0,0.0,0.0,0.0,0.0,0.0,disable,disable
M0071,S1,20260870782501,115,8.14,279.2,enable,44.0,lat lon,naive,7.5,5.5,0.5,,,0.0,0.0,0.0,0.0,0.0,0.0,0.0,0.0,disable,disable
M0072,S1,20260870782502,93,8.64,271.1,enable,16.5,lat lon,naive,6.0,6.0,0.5,,,0.0,0.0,0.0,0.0,0.0,0.0,0.0,0.0,disable,disable
M0073,S1,20260870782503,144,8.04,88.3,enable,16.8,lat lon,naive,7.5,7.0,0.5,,,0.0,0.0,0.0,0.0,0.0,0.0,0.0,0.0,disable,disable
M0074,S1,20260870782504,125,6.7,168.1,enable,13.9,lat lon,naive,8.0,8.5,0.5,,,0.0,0.0,0.0,0.0,0.0,0.0,0.0,0.0,disable,disable
M0075,S1,20260870782505,88,9.55,205.4,enable,55.4,lat lon,naive,7.0,6.0,0.5,,,0.0,0.0,0.0,0.0,0.0,0.0,0.0,0.0,disable,disable
M0076,S1,20260870782506,61,7.47,171.7,enable,31.4,lat lon,naive,5.5,6.5,0.5,,,0.0,0.0,0.0,0.0,0.0,0.0,0.0,0.0,disable,disable
M0077,S1,20260870782507,103,6.42,61.3,enable,18.0,lat lon,naive,8.0,7.5,0.5,,,0.0,0.0,0.0,0.0,0.0,0.0,0.0,0.0,disable,disable
M0078,S1,20260870782508,82,6.62,267.5,enable,38.7,lat lon,naive,5.5,5.5,0.5,,,0.0,0.0,0.0,0.0,0.0,0.0,0.0,0.0,disable,disable
M0079,S1,20260870782509,14,9.48,233.9,enable,57.8,lat lon,naive,5.0,7.0,0.5,,,0.0,0.0,0.0,0.0,0.0,0.0,0.0,0.0,disable,disable
M0080,S1,20260870782510,29,9.37,296.4,enable,41.4,lat lon,naive,8.0,8.0,0.5,,,0.0,0.0,0.0,0.0,0.0,0.0,0.0,0.0,disable,disable
M0081,S1,20260870782511,136,7.72,257.3,enable,17.6,lat lon,naive,7.5,7.0,0.5,,,0.0,0.0,0.0,0.0,0.0,0.0,0.0,0.0,disable,disable
M0082,S1,20260870782512,11,9.34,202.4,enable,19.3,lat lon,naive,7.5,6.0,0.5,,,0.0,0.0,0.0,0.0,0.0,0.0,0.0,0.0,disable,disable
M0083,S1,20260870782513,98,6.64,222.3,enable,24.5,lat lon,naive,7.5,6.5,0.5,,,0.0,0.0,0.0,0.0,0.0,0.0,0.0,0.0,disable,disable
M0084,S1,20260870782514,151,8.08,215.3,enable,20.4,lat lon,naive,9.0,6.0,0.5,,,0.0,0.0,0.0,0.0,0.0,0.0,0.0,0.0,disable,disable
M0085,S1,20260870782515,111,9.7,161.8,enable,9.3,lat lon,naive,9.0,5.5,0.5,,,0.0,0.0,0.0,0.0,0.0,0.0,0.0,0.0,disable,disable
M0086,S1,20260870782516,76,9.44,83.8,enable,15.8,lat lon,naive,8.0,5.5,0.5,,,0.0,0.0,0.0,0.0,0.0,0.0,0.0,0.0,disable,disable
M0087,S1,20260870782517,4,7.98,124.4,enable,15.5,lat lon,naive,6.5,5.5,0.5,,,0.0,0.0,0.0,0.0,0.0,0.0,0.0,0.0,disable,disable
M0088,S1,20260870782518,69,7.85,229.4,enable,50.3,lat lon,naive,9.0,6.5,0.5,,,0.0,0.0,0.0,0.0,0.0,0.0,0.0,0.0,disable,disable
M0089,S1,20260870782519,87,7.63,164.5,enable,40.8,lat lon,naive,6.5,6.5,0.5,,,0.0,0.0,0.0,0.0,0.0,0.0,0.0,0.0,disable,disable
M0090,S1,20260870782520,139,8.79,108.8,enable,20.5,lat lon,naive,6.5,7.0,0.5,,,0.0,0.0,0.0,0.0,0.0,0.0,0.0,0.0,disable,disable
M0091,S1,20260870782521,60,8.47,131.9,enable,37.0,lat lon,naive,8.0,8.5,0.5,,,0.0,0.0,0.0,0.0,0.0,0.0,0.0,0.0,disable,disable
M0092,S1,20260870782522,76,8.34,267.6,enable,56.3,lat lon,naive,8.5,8.0,0.5,,,0.0,0.0,0.0,0.0,0.0,0.0,0.0,0.0,disable,disable
M0093,S1,20260870782523,21,8.51,295.0,enable,57.4,lat lon,naive,6.5,7.0,0.5,,,0.0,0.0,0.0,0.0,0.0,0.0,0.0,0.0,disable,disable
M0094,S1,20260870782524,53,7.29,168.3,enable,24.3,lat lon,naive,8.5,6.5,0.5,,,0.0,0.0,0.0,0.0,0.0,0.0,0.0,0.0,disable,disable
M0095,S1,20260870782525,53,7.09,246.0,enable,70.1,lat lon,naive,9.0,5.0,0.5,,,0.0,0.0,0.0,0.0,0.0,0.0,0.0,0.0,disable,disable
M0096,S1,20260870782526,83,8.62,105.1,enable,30.0,lat lon,naive,5.5,6.0,0.5,,,0.0,0.0,0.0,0.0,0.0,0.0,0.0,0.0,disable,disable
M0097,S1,20260870782527,72,8.56,206.8,enable,39.6,lat lon,naive,6.5,5.5,0.5,,,0.0,0.0,0.0,0.0,0.0,0.0,0.0,0.0,disable,disable
M0098,S1,20260870782528,99,6.94,272.4,enable,41.9,lat lon,naive,5.0,6.0,0.5,,,0.0,0.0,0.0,0.0,0.0,0.0,0.0,0.0,disable,disable
M0099,S1,20260870782529,2,6.68,257.1,enable,39.3,lat lon,naive,5.0,6.5,0.5,,,0.0,0.0,0.0,0.0,0.0,0.0,0.0,0.0,disable,disable
M0100,S1,20260870782530,17,9.52,266.7,enable,51.0,lat lon,naive,7.0,7.0,0.5,,,0.0,0.0,0.0,0.0,0.0,0.0,0.0,0.0,disable,disable
M0101,S1,20260870782531,127,6.41,199.9,enable,31.1,lat lon,naive,6.5,6.0,0.5,,,0.0,0.0,0.0,0.0,0.0,0.0,0.0,0.0,disable,disable
M0102,S1,20260870782532,117,9.46,166.2,enable,22.9,lat lon,naive,6.0,6.0,0.5,,,0.0,0.0,0.0,0.0,0.0,0.0,0.0,0.0,disable,disable
M0103,S1,20260870782533,74,9.72,238.1,enable,36.8,lat lon,naive,8.5,6.5,0.5,,,0.0,0.0,0.0,0.0,0.0,0.0,0.0,0.0,disable,disable
M0104,S1,20260870782534,138,6.23,292.9,enable,42.6,lat lon,naive,7.5,6.0,0.5,,,0.0,0.0,0.0,0.0,0.0,0.0,0.0,0.0,disable,disable
M0105,S1,20260870782535,22,8.92,116.7,enable,10.8,lat lon,naive,6.0,8.0,0.5,,,0.0,0.0,0.0,0.0,0.0,0.0,0.0,0.0,disable,disable
M0106,S1,20260870782536,115,6.72,162.7,enable,16.3,lat lon,naive,6.5,7.0,0.5,,,0.0,0.0,0.0,0.0,0.0,0.0,0.0,0.0,disable,disable
M0107,S1,20260870782537,64,6.47,270.5,enable,29.2,lat lon,naive,7.0,8.0,0.5,,,0.0,0.0,0.0,0.0,0.0,0.0,0.0,0.0,disable,disable
M0108,S1,20260870782538,49,7.33,276.7,enable,25.6,lat lon,naive,5.0,6.5,0.5,,,0.0,0.0,0.0,0.0,0.0,0.0,0.0,0.0,disable,disable
M0109,S1,20260870782539,75,6.59,272.6,enable,21.2,lat lon,naive,6.5,6.0,0.5,,,0.0,0.0,0.0,0.0,0.0,0.0,0.0,0.0,disable,disable
M0110,S1,20260870782540,52,7.64,299.9,enable,81.2,lat lon,naive,7.0,7.5,0.5,,,0.0,0.0,0.0,0.0,0.0,0.0,0.0,0.0,disable,disable
M0111,S1,20260870782541,150,8.04,263.1,enable,73.9,lat lon,naive,5.0,8.0,0.5,,,0.0,0.0,0.0,0.0,0.0,0.0,0.0,0.0,disable,disable
M0112,S1,20260870782542,74,7.16,249.0,enable,22.5,lat lon,naive,5.5,8.0,0.5,,,0.0,0.0,0.0,0.0,0.0,0.0,0.0,0.0,disable,disable
M0113,S1,20260870782543,31,6.85,206.2,enable,59.9,lat lon,naive,7.0,7.0,0.5,,,0.0,0.0,0.0,0.0,0.0,0.0,0.0,0.0,disable,disable
M0114,S1,20260870782544,116,9.4,102.2,enable,6.3,lat lon,naive,9.0,7.0,0.5,,,0.0,0.0,0.0,0.0,0.0,0.0,0.0,0.0,disable,disable
M0115,S1,20260870782545,107,7.56,61.1,enable,8.9,lat lon,naive,6.0,8.0,0.5,,,0.0,0.0,0.0,0.0,0.0,0.0,0.0,0.0,disable,disable
M0116,S1,20260870782546,115,6.13,132.0,enable,34.7,lat lon,naive,6.5,7.5,0.5,,,0.0,0.0,0.0,0.0,0.0,0.0,0.0,0.0,disable,disable
M0117,S1,20260870782547,82,6.6,107.9,enable,19.0,lat lon,naive,6.5,8.0,0.5,,,0.0,0.0,0.0,0.0,0.0,0.0,0.0,0.0,disable,disable
M0118,S1,20260870782548,109,7.03,188.1,enable,53.4,lat lon,naive,7.5,6.5,0.5,,,0.0,0.0,0.0,0.0,0.0,0.0,0.0,0.0,disable,disable
M0119,S1,20260870782549,109,7.97,181.4,enable,40.4,lat lon,naive,7.5,7.5,0.5,,,0.0,0.0,0.0,0.0,0.0,0.0,0.0,0.0,disable,disable
M0120,S1,20260870782550,23,8.68,253.3,enable,72.3,lat lon,naive,6.5,7.5,0.5,,,0.0,0.0,0.0,0.0,0.0,0.0,0.0,0.0,disable,disable
M0121,S1,20260870782551,106,8.75,252.5,enable,46.6,lat lon,naive,8.0,8.5,0.5,,,0.0,0.0,0.0,0.0,0.0,0.0,0.0,0.0,disable,disable
M0122,S1,20260870782552,48,8.93,66.2,enable,13.4,lat lon,naive,8.0,8.0,0.5,,,0.0,0.0,0.0,0.0,0.0,0.0,0.0,0.0,disable,disable
M0123,S1,20260870782553,115,7.89,178.6,enable,19.9,lat lon,naive,5.5,5.5,0.5,,,0.0,0.0,0.0,0.0,0.0,0.0,0.0,0.0,disable,disable
M0124,S1,20260870782554,110,8.6,219.9,enable,14.4,lat lon,naive,7.0,7.5,0.5,,,0.0,0.0,0.0,0.0,0.0,0.0,0.0,0.0,disable,disable
M0125,S1,20260870782555,39,8.83,111.3,enable,7.8,lat lon,naive,8.0,7.5,0.5,,,0.0,0.0,0.0,0.0,0.0,0.0,0.0,0.0,disable,disable
M0126,S1,20260870782556,128,8.58,263.3,enable,36.6,lat lon,naive,5.0,7.0,0.5,,,0.0,0.0,0.0,0.0,0.0,0.0,0.0,0.0,disable,disable
M0127,S1,20260870782557,27,6.95,80.8,enable,15.1,lat lon,naive,8.5,7.0,0.5,,,0.0,0.0,0.0,0.0,0.0,0.0,0.0,0.0,disable,disable
M0128,S1,20260870782558,121,9.3,238.9,enable,29.2,lat lon,naive,7.5,7.5,0.5,,,0.0,0.0,0.0,0.0,0.0,0.0,0.0,0.0,disable,disable
M0129,S1,20260870782559,22,9.0,112.6,enable,24.9,lat lon,naive,7.5,8.5,0.5,,,0.0,0.0,0.0,0.0,0.0,0.0,0.0,0.0,disable,disable
M0130,S1,20260870782560,41,6.26,183.9,enable,37.7,lat lon,naive,5.0,8.5,0.5,,,0.0,0.0,0.0,0.0,0.0,0.0,0.0,0.0,disable,disable
M0131,S1,20260870782561,60,9.61,280.1,enable,24.7,lat lon,naive,5.5,8.5,0.5,,,0.0,0.0,0.0,0.0,0.0,0.0,0.0,0.0,disable,disable
M0132,S1,20260870782562,90,6.34,154.4,enable,23.3,lat lon,naive,7.0,6.0,0.5,,,0.0,0.0,0.0,0.0,0.0,0.0,0.0,0.0,disable,disable
M0133,S1,20260870782563,45,9.08,100.8,enable,18.6,lat lon,naive,7.0,6.5,0.5,,,0.0,0.0,0.0,0.0,0.0,0.0,0.0,0.0,disable,disable
M0134,S1,20260870782564,115,8.08,287.8,enable,20.3,lat lon,naive,7.0,6.0,0.5,,,0.0,0.0,0.0,0.0,0.0,0.0,0.0,0.0,disable,disable
M0135,S1,20260870782565,15,6.62,172.1,enable,27.9,lat lon,naive,6.5,6.5,0.5,,,0.0,0.0,0.0,0.0,0.0,0.0,0.0,0.0,disable,disable
M0136,S1,20260870782566,29,9.06,163.8,enable,46.3,lat lon,naive,8.0,5.5,0.5,,,0.0,0.0,0.0,0.0,0.0,0.0,0.0,0.0,disable,disable
M0137,S1,20260870782567,33,8.57,119.3,enable,28.4,lat lon,naive,7.5,5.5,0.5,,,0.0,0.0,0.0,0.0,0.0,0.0,0.0,0.0,disable,disable
M0138,S1,20260870782568,45,9.48,165.1,enable,16.3,lat lon,naive,8.0,8.0,0.5,,,0.0,0.0,0.0,0.0,0.0,0.0,0.0,0.0,disable,disable
M0139,S1,20260870782569,31,7.42,221.8,enable,47.7,lat lon,naive,8.5,7.5,0.5,,,0.0,0.0,0.0,0.0,0.0,0.0,0.0,0.0,disable,disable
M0140,S1,20260870782570,75,8.43,208.3,enable,20.9,lat lon,naive,6.0,8.0,0.5,,,0.0,0.0,0.0,0.0,0.0,0.0,0.0,0.0,disable,disable
M0141,S1,20260870782571,105,9.45,291.2,enable,37.4,lat lon,naive,5.5,6.0,0.5,,,0.0,0.0,0.0,0.0,0.0,0.0,0.0,0.0,disable,disable
M0142,S1,20260870782572,41,8.25,89.7,enable,11.7,lat lon,naive,6.0,7.5,0.5,,,0.0,0.0,0.0,0.0,0.0,0.0,0.0,0.0,disable,disable
M0143,S1,20260870782573,59,8.66,267.3,enable,76.4,lat lon,naive,7.5,6.0,0.5,,,0.0,0.0,0.0,0.0,0.0,0.0,0.0,0.0,disable,disable
M0144,S1,20260870782574,79,6.28,198.3,enable,34.8,lat lon,naive,6.0,6.0,0.5,,,0.0,0.0,0.0,0.0,0.0,0.0,0.0,0.0,disable,disable
M0145,S1,20260870782575,100,6.65,149.6,enable,31.7,lat lon,naive,6.5,6.0,0.5,,,0.0,0.0,0.0,0.0,0.0,0.0,0.0,0.0,disable,disable
M0146,S1,20260870782576,85,7.95,161.8,enable,29.9,lat lon,naive,8.0,6.0,0.5,,,0.0,0.0,0.0,0.0,0.0,0.0,0.0,0.0,disable,disable
M0147,S1,20260870782577,57,6.35,159.7,enable,16.4,lat lon,naive,5.5,5.0,0.5,,,0.0,0.0,0.0,0.0,0.0,0.0,0.0,0.0,disable,disable
M0148,S1,20260870782578,85,7.54,240.5,enable,64.0,lat lon,naive,6.0,5.5,0.5,,,0.0,0.0,0.0,0.0,0.0,0.0,0.0,0.0,disable,disable
M0149,S1,20260870782579,30,9.14,172.6,enable,16.2,lat lon,naive,7.0,5.5,0.5,,,0.0,0.0,0.0,0.0,0.0,0.0,0.0,0.0,disable,disable
M0150,S1,20260870782580,87,8.1,106.1,enable,18.6,lat lon,naive,7.0,5.5,0.5,,,0.0,0.0,0.0,0.0,0.0,0.0,0.0,0.0,disable,disable
M0151,S1,20260870782581,106,6.69,267.5,enable,18.6,lat lon,naive,5.5,5.5,0.5,,,0.0,0.0,0.0,0.0,0.0,0.0,0.0,0.0,disable,disable
M0152,S1,20260870782582,14,8.56,98.6,enable,20.9,lat lon,naive,8.0,5.0,0.5,,,0.0,0.0,0.0,0.0,0.0,0.0,0.0,0.0,disable,disable
M0153,S1,20260870782583,141,7.9,298.0,enable,23.2,lat lon,naive,7.5,5.0,0.5,,,0.0,0.0,0.0,0.0,0.0,0.0,0.0,0.0,disable,disable
M0154,S1,20260870782584,47,6.5,146.1,enable,26.5,lat lon,naive,6.0,8.5,0.5,,,0.0,0.0,0.0,0.0,0.0,0.0,0.0,0.0,disable,disable
M0155,S1,20260870782585,107,8.01,145.9,enable,36.4,lat lon,naive,6.0,7.0,0.5,,,0.0,0.0,0.0,0.0,0.0,0.0,0.0,0.0,disable,disable
M0156,S1,20260870782586,83,7.69,251.7,enable,21.7,lat lon,naive,6.5,8.0,0.5,,,0.0,0.0,0.0,0.0,0.0,0.0,0.0,0.0,disable,disable
M0157,S1,20260870782587,105,8.83,131.4,enable,9.5,lat lon,naive,5.5,9.0,0.5,,,0.0,0.0,0.0,0.0,0.0,0.0,0.0,0.0,disable,disable
M0158,S1,20260870782588,45,8.28,187.0,enable,39.4,lat lon,naive,7.5,7.5,0.5,,,0.0,0.0,0.0,0.0,0.0,0.0,0.0,0.0,disable,disable
M0159,S1,20260870782589,80,6.15,253.6,enable,71.9,lat lon,naive,8.5,7.0,0.5,,,0.0,0.0,0.0,0.0,0.0,0.0,0.0,0.0,disable,disable
M0160,S1,20260870782590,94,8.96,61.1,enable,5.2,lat lon,naive,7.0,8.5,0.5,,,0.0,0.0,0.0,0.0,0.0,0.0,0.0,0.0,disable,disable
M0161,S1,20260870782591,122,7.18,278.1,enable,67.1,lat lon,naive,5.0,7.0,0.5,,,0.0,0.0,0.0,0.0,0.0,0.0,0.0,0.0,disable,disable
M0162,S1,20260870782592,82,8.89,102.1,enable,23.2,lat lon,naive,8.5,6.0,0.5,,,0.0,0.0,0.0,0.0,0.0,0.0,0.0,0.0,disable,disable
M0163,S1,20260870782593,153,9.76,142.5,enable,38.8,lat lon,naive,7.5,7.0,0.5,,,0.0,0.0,0.0,0.0,0.0,0.0,0.0,0.0,disable,disable
M0164,S1,20260870782594,65,9.9,107.3,enable,23.7,lat lon,naive,7.5,5.5,0.5,,,0.0,0.0,0.0,0.0,0.0,0.0,0.0,0.0,disable,disable
M0165,S1,20260870782595,123,8.71,266.4,enable,63.9,lat lon,naive,6.0,7.5,0.5,,,0.0,0.0,0.0,0.0,0.0,0.0,0.0,0.0,disable,disable
M0166,S1,20260870782596,53,8.36,143.9,enable,42.2,lat lon,naive,7.0,7.5,0.5,,,0.0,0.0,0.0,0.0,0.0,0.0,0.0,0.0,disable,disable
M0167,S1,20260870782597,108,8.65,232.7,enable,38.6,lat lon,naive,5.5,6.0,0.5,,,0.0,0.0,0.0,0.0,0.0,0.0,0.0,0.0,disable,disable
M0168,S1,20260870782598,16,6.84,264.9,enable,76.7,lat lon,naive,9.0,6.5,0.5,,,0.0,0.0,0.0,0.0,0.0,0.0,0.0,0.0,disable,disable
M0169,S1,20260870782599,66,9.29,219.9,enable,61.8,lat lon,naive,7.0,5.5,0.5,,,0.0,0.0,0.0,0.0,0.0,0.0,0.0,0.0,disable,disable
M0170,S1,20260870782600,100,7.17,270.0,enable,59.4,lat lon,naive,6.5,8.0,0.5,,,0.0,0.0,0.0,0.0,0.0,0.0,0.0,0.0,disable,disable
M0171,S1,20260870782601,151,8.67,197.7,enable,25.5,lat lon,naive,5.5,8.0,0.5,,,0.0,0.0,0.0,0.0,0.0,0.0,0.0,0.0,disable,disable
M0172,S1,20260870782602,39,6.57,143.6,enable,28.8,lat lon,naive,7.0,5.0,0.5,,,0.0,0.0,0.0,0.0,0.0,0.0,0.0,0.0,disable,disable
M0173,S1,20260870782603,128,9.66,241.8,enable,40.8,lat lon,naive,6.0,7.0,0.5,,,0.0,0.0,0.0,0.0,0.0,0.0,0.0,0.0,disable,disable
M0174,S1,20260870782604,22,8.49,227.8,enable,23.4,lat lon,naive,5.5,7.5,0.5,,,0.0,0.0,0.0,0.0,0.0,0.0,0.0,0.0,disable,disable
M0175,S1,20260870782605,39,7.36,189.8,enable,14.1,lat lon,naive,6.0,8.5,0.5,,,0.0,0.0,0.0,0.0,0.0,0.0,0.0,0.0,disable,disable
M0176,S1,20260870782606,42,8.95,125.4,enable,19.7,lat lon,naive,7.0,5.5,0.5,,,0.0,0.0,0.0,0.0,0.0,0.0,0.0,0.0,disable,disable
M0177,S1,20260870782607,111,7.44,217.5,enable,24.6,lat lon,naive,6.0,6.5,0.5,,,0.0,0.0,0.0,0.0,0.0,0.0,0.0,0.0,disable,disable
M0178,S1,20260870782608,137,9.69,73.1,enable,7.9,lat lon,naive,5.0,6.0,0.5,,,0.0,0.0,0.0,0.0,0.0,0.0,0.0,0.0,disable,disable
M0179,S1,20260870782609,106,7.11,64.3,enable,10.3,lat lon,naive,8.0,7.0,0.5,,,0.0,0.0,0.0,0.0,0.0,0.0,0.0,0.0,disable,disable
M0180,S1,20260870782610,52,8.29,185.1,enable,30.1,lat lon,naive,8.5,5.5,0.5,,,0.0,0.0,0.0,0.0,0.0,0.0,0.0,0.0,disable,disable
M0181,S1,20260870782611,139,8.91,180.2,enable,13.3,lat lon,naive,7.0,7.0,0.5,,,0.0,0.0,0.0,0.0,0.0,0.0,0.0,0.0,disable,disable
M0182,S1,20260870782612,89,6.72,113.4,enable,32.7,lat lon,naive,7.5,6.5,0.5,,,0.0,0.0,0.0,0.0,0.0,0.0,0.0,0.0,disable,disable
M0183,S1,20260870782613,119,8.69,136.6,enable,15.6,lat lon,naive,6.0,6.5,0.5,,,0.0,0.0,0.0,0.0,0.0,0.0,0.0,0.0,disable,disable
M0184,S1,20260870782614,117,6.98,252.4,enable,36.5,lat lon,naive,7.5,6.0,0.5,,,0.0,0.0,0.0,0.0,0.0,0.0,0.0,0.0,disable,disable
M0185,S1,20260870782615,77,7.97,143.0,enable,24.0,lat lon,naive,7.0,8.0,0.5,,,0.0,0.0,0.0,0.0,0.0,0.0,0.0,0.0,disable,disable
M0186,S1,20260870782616,18,8.93,161.1,enable,9.9,lat lon,naive,9.0,9.0,0.5,,,0.0,0.0,0.0,0.0,0.0,0.0,0.0,0.0,disable,disable
M0187,S1,20260870782617,68,6.66,166.7,enable,36.5,lat lon,naive,5.5,7.0,0.5,,,0.0,0.0,0.0,0.0,0.0,0.0,0.0,0.0,disable,disable
M0188,S1,20260870782618,108,9.33,183.7,enable,51.5,lat lon,naive,6.0,6.0,0.5,,,0.0,0.0,0.0,0.0,0.0,0.0,0.0,0.0,disable,disable
M0189,S1,20260870782619,96,8.0,197.9,enable,50.0,lat lon,naive,7.5,7.5,0.5,,,0.0,0.0,0.0,0.0,0.0,0.0,0.0,0.0,disable,disable
M0190,S1,20260870782620,128,7.88,179.2,enable,15.5,lat lon,naive,7.0,7.0,0.5,,,0.0,0.0,0.0,0.0,0.0,0.0,0.0,0.0,disable,disable
M0191,S1,20260870782621,64,8.7,99.3,enable,7.1,lat lon,naive,8.5,7.5,0.5,,,0.0,0.0,0.0,0.0,0.0,0.0,0.0,0.0,disable,disable
M0192,S1,20260870782622,68,6.29,156.8,enable,29.2,lat lon,naive,5.0,8.0,0.5,,,0.0,0.0,0.0,0.0,0.0,0.0,0.0,0.0,disable,disable
M0193,S1,20260870782623,149,7.06,75.8,enable,16.0,lat lon,naive,8.0,6.5,0.5,,,0.0,0.0,0.0,0.0,0.0,0.0,0.0,0.0,disable,disable
M0194,S1,20260870782624,117,9.61,162.9,enable,27.4,lat lon,naive,6.5,7.0,0.5,,,0.0,0.0,0.0,0.0,0.0,0.0,0.0,0.0,disable,disable
M0195,S1,20260870782625,117,9.42,190.7,enable,40.4,lat lon,naive,9.0,8.0,0.5,,,0.0,0.0,0.0,0.0,0.0,0.0,0.0,0.0,disable,disable
M0196,S1,20260870782626,6,7.52,212.1,enable,57.9,lat lon,naive,5.5,8.5,0.5,,,0.0,0.0,0.0,0.0,0.0,0.0,0.0,0.0,disable,disable
M0197,S1,20260870782627,53,7.77,293.7,enable,43.5,lat lon,naive,8.5,5.0,0.5,,,0.0,0.0,0.0,0.0,0.0,0.0,0.0,0.0,disable,disable
M0198,S1,20260870782628,61,6.66,204.7,enable,28.8,lat lon,naive,5.0,6.0,0.5,,,0.0,0.0,0.0,0.0,0.0,0.0,0.0,0.0,disable,disable
M0199,S1,20260870782629,38,6.97,194.3,enable,42.9,lat lon,naive,8.0,8.0,0.5,,,0.0,0.0,0.0,0.0,0.0,0.0,0.0,0.0,disable,disable
M0200,S1,20260870782630,139,9.83,193.0,enable,48.0,lat lon,naive,7.0,7.0,0.5,,,0.0,0.0,0.0,0.0,0.0,0.0,0.0,0.0,disable,disable
M0201,S1,20260870782631,25,9.12,249.2,enable,49.4,lat lon,naive,7.5,6.5,0.5,,,0.0,0.0,0.0,0.0,0.0,0.0,0.0,0.0,disable,disable
M0202,S1,20260870782632,34,7.18,82.3,enable,19.3,lat lon,naive,6.5,6.5,0.5,,,0.0,0.0,0.0,0.0,0.0,0.0,0.0,0.0,disable,disable
M0203,S1,20260870782633,49,6.65,178.0,enable,17.4,lat lon,naive,6.5,5.5,0.5,,,0.0,0.0,0.0,0.0,0.0,0.0,0.0,0.0,disable,disable
M0204,S1,20260870782634,42,7.74,176.4,enable,43.4,lat lon,naive,6.0,8.0,0.5,,,0.0,0.0,0.0,0.0,0.0,0.0,0.0,0.0,disable,disable
M0205,S1,20260870782635,146,9.95,140.0,enable,8.6,lat lon,naive,5.0,8.0,0.5,,,0.0,0.0,0.0,0.0,0.0,0.0,0.0,0.0,disable,disable
M0206,S1,20260870782636,102,7.78,99.8,enable,26.3,lat lon,naive,7.5,5.5,0.5,,,0.0,0.0,0.0,0.0,0.0,0.0,0.0,0.0,disable,disable
M0207,S1,20260870782637,36,6.59,103.2,enable,26.1,lat lon,naive,6.0,5.5,0.5,,,0.0,0.0,0.0,0.0,0.0,0.0,0.0,0.0,disable,disable
M0208,S1,20260870782638,100,9.79,133.0,enable,23.5,lat lon,naive,5.0,7.5,0.5,,,0.0,0.0,0.0,0.0,0.0,0.0,0.0,0.0,disable,disable
M0209,S1,20260870782639,103,6.78,78.5,enable,22.5,lat lon,naive,9.0,7.5,0.5,,,0.0,0.0,0.0,0.0,0.0,0.0,0.0,0.0,disable,disable
M0210,S1,20260870782640,91,7.82,223.1,enable,50.4,lat lon,naive,7.5,7.5,0.5,,,0.0,0.0,0.0,0.0,0.0,0.0,0.0,0.0,disable,disable
M0211,S1,20260870782641,51,8.34,112.4,enable,8.6,lat lon,naive,6.0,9.0,0.5,,,0.0,0.0,0.0,0.0,0.0,0.0,0.0,0.0,disable,disable
M0212,S1,20260870782642,90,7.79,95.6,enable,4.9,lat lon,naive,7.0,6.0,0.5,,,0.0,0.0,0.0,0.0,0.0,0.0,0.0,0.0,disable,disable
M0213,S1,20260870782643,121,7.45,120.5,enable,17.6,lat lon,naive,5.5,7.0,0.5,,,0.0,0.0,0.0,0.0,0.0,0.0,0.0,0.0,disable,disable
M0214,S1,20260870782644,62,8.83,286.0,enable,27.9,lat lon,naive,6.0,6.0,0.5,,,0.0,0.0,0.0,0.0,0.0,0.0,0.0,0.0,disable,disable
M0215,S1,20260870782645,28,9.51,211.8,enable,62.7,lat lon,naive,8.0,9.0,0.5,,,0.0,0.0,0.0,0.0,0.0,0.0,0.0,0.0,disable,disable
M0216,S1,20260870782646,67,9.28,93.2,enable,20.1,lat lon,naive,6.5,9.0,0.5,,,0.0,0.0,0.0,0.0,0.0,0.0,0.0,0.0,disable,disable
M0217,S1,20260870782647,119,8.83,68.8,enable,16.4,lat lon,naive,5.5,6.0,0.5,,,0.0,0.0,0.0,0.0,0.0,0.0,0.0,0.0,disable,disable
M0218,S1,20260870782648,25,8.55,215.5,enable,48.2,lat lon,naive,6.0,8.0,0.5,,,0.0,0.0,0.0,0.0,0.0,0.0,0.0,0.0,disable,disable
M0219,S1,20260870782649,117,9.09,269.8,enable,19.3,lat lon,naive,8.5,5.5,0.5,,,0.0,0.0,0.0,0.0,0.0,0.0,0.0,0.0,disable,disable
M0220,S1,20260870782650,152,6.12,278.1,enable,70.1,lat lon,naive,7.5,8.5,0.5,,,0.0,0.0,0.0,0.0,0.0,0.0,0.0,0.0,disable,disable
M0221,S1,20260870782651,102,9.61,207.3,enable,40.4,lat lon,naive,5.0,8.0,0.5,,,0.0,0.0,0.0,0.0,0.0,0.0,0.0,0.0,disable,disable
M0222,S1,20260870782652,111,8.17,100.0,enable,5.5,lat lon,naive,7.0,6.5,0.5,,,0.0,0.0,0.0,0.0,0.0,0.0,0.0,0.0,disable,disable
M0223,S1,20260870782653,101,6.85,184.8,enable,29.6,lat lon,naive,8.5,6.0,0.5,,,0.0,0.0,0.0,0.0,0.0,0.0,0.0,0.0,disable,disable
M0224,S1,20260870782654,41,7.04,112.9,enable,12.3,lat lon,naive,8.5,8.5,0.5,,,0.0,0.0,0.0,0.0,0.0,0.0,0.0,0.0,disable,disable
M0225,S1,20260870782655,106,9.78,65.3,enable,13.6,lat lon,naive,8.5,7.5,0.5,,,0.0,0.0,0.0,0.0,0.0,0.0,0.0,0.0,disable,disable
M0226,S1,20260870782656,67,8.78,198.3,enable,56.9,lat lon,naive,7.5,5.0,0.5,,,0.0,0.0,0.0,0.0,0.0,0.0,0.0,0.0,disable,disable
M0227,S1,20260870782657,5,9.93,272.2,enable,25.2,lat lon,naive,5.5,6.5,0.5,,,0.0,0.0,0.0,0.0,0.0,0.0,0.0,0.0,disable,disable
M0228,S1,20260870782658,48,8.2,188.4,enable,34.6,lat lon,naive,7.0,7.5,0.5,,,0.0,0.0,0.0,0.0,0.0,0.0,0.0,0.0,disable,disable
M0229,S1,20260870782659,97,8.26,293.3,enable,70.3,lat lon,naive,8.0,6.0,0.5,,,0.0,0.0,0.0,0.0,0.0,0.0,0.0,0.0,disable,disable
M0230,S1,20260870782660,104,9.93,223.9,enable,59.9,lat lon,naive,8.0,8.0,0.5,,,0.0,0.0,0.0,0.0,0.0,0.0,0.0,0.0,disable,disable
M0231,S1,20260870782661,134,6.29,63.3,enable,7.3,lat lon,naive,8.0,8.5,0.5,,,0.0,0.0,0.0,0.0,0.0,0.0,0.0,0.0,disable,disable
M0232,S1,20260870782662,6,6.47,128.3,enable,37.8,lat lon,naive,6.5,8.5,0.5,,,0.0,0.0,0.0,0.0,0.0,0.0,0.0,0.0,disable,disable
M0233,S1,20260870782663,125,6.15,141.5,enable,17.4,lat lon,naive,7.0,7.0,0.5,,,0.0,0.0,0.0,0.0,0.0,0.0,0.0,0.0,disable,disable
M0234,S1,20260870782664,54,7.15,206.2,enable,53.5,lat lon,naive,8.5,6.5,0.5,,,0.0,0.0,0.0,0.0,0.0,0.0,0.0,0.0,disable,disable
M0235,S1,20260870782665,138,9.51,74.3,enable,15.1,lat lon,naive,6.0,6.5,0.5,,,0.0,0.0,0.0,0.0,0.0,0.0,0.0,0.0,disable,disable
M0236,S1,20260870782666,24,8.84,252.4,enable,31.3,lat lon,naive,8.0,7.5,0.5,,,0.0,0.0,0.0,0.0,0.0,0.0,0.0,0.0,disable,disable
M0237,S1,20260870782667,122,8.46,284.7,enable,79.0,lat lon,naive,6.0,6.0,0.5,,,0.0,0.0,0.0,0.0,0.0,0.0,0.0,0.0,disable,disable
M0238,S1,20260870782668,73,7.81,233.0,enable,58.3,lat lon,naive,6.0,5.5,0.5,,,0.0,0.0,0.0,0.0,0.0,0.0,0.0,0.0,disable,disable
M0239,S1,20260870782669,133,9.18,218.7,enable,31.4,lat lon,naive,7.0,8.0,0.5,,,0.0,0.0,0.0,0.0,0.0,0.0,0.0,0.0,disable,disable
M0240,S1,20260870782670,9,7.69,111.4,enable,16.2,lat lon,naive,5.5,8.5,0.5,,,0.0,0.0,0.0,0.0,0.0,0.0,0.0,0.0,disable,disable
M0241,S1,20260870782671,65,6.55,63.7,enable,13.5,lat lon,naive,5.5,6.5,0.5,,,0.0,0.0,0.0,0.0,0.0,0.0,0.0,0.0,disable,disable
M0242,S1,20260870782672,55,8.39,234.6,enable,53.5,lat lon,naive,9.0,7.0,0.5,,,0.0,0.0,0.0,0.0,0.0,0.0,0.0,0.0,disable,disable
M0243,S1,20260870782673,80,8.04,97.3,enable,20.7,lat lon,naive,8.0,9.0,0.5,,,0.0,0.0,0.0,0.0,0.0,0.0,0.0,0.0,disable,disable
M0244,S1,20260870782674,66,6.32,126.7,enable,29.4,lat lon,naive,7.5,9.0,0.5,,,0.0,0.0,0.0,0.0,0.0,0.0,0.0,0.0,disable,disable
M0245,S1,20260870782675,89,6.79,283.1,enable,54.0,lat lon,naive,8.5,6.5,0.5,,,0.0,0.0,0.0,0.0,0.0,0.0,0.0,0.0,disable,disable
M0246,S1,20260870782676,85,7.67,116.0,enable,10.4,lat lon,naive,7.5,7.5,0.5,,,0.0,0.0,0.0,0.0,0.0,0.0,0.0,0.0,disable,disable
M0247,S1,20260870782677,55,8.09,286.1,enable,70.8,lat lon,naive,7.0,8.0,0.5,,,0.0,0.0,0.0,0.0,0.0,0.0,0.0,0.0,disable,disable
M0248,S1,20260870782678,92,6.17,81.7,enable,15.9,lat lon,naive,5.5,5.0,0.5,,,0.0,0.0,0.0,0.0,0.0,0.0,0.0,0.0,disable,disable
M0249,S1,20260870782679,35,8.2,278.4,enable,43.7,lat lon,naive,5.0,7.5,0.5,,,0.0,0.0,0.0,0.0,0.0,0.0,0.0,0.0,disable,disable
M0250,S1,20260870782680,2,9.65,250.9,enable,33.7,lat lon,naive,8.0,5.0,0.5,,,0.0,0.0,0.0,0.0,0.0,0.0,0.0,0.0,disable,disable
M0251,S1,20260870782681,32,8.64,225.0,enable,17.1,lat lon,naive,5.5,5.5,0.5,,,0.0,0.0,0.0,0.0,0.0,0.0,0.0,0.0,disable,disable
M0252,S1,20260870782682,17,6.04,233.6,enable,24.4,lat lon,naive,7.0,6.5,0.5,,,0.0,0.0,0.0,0.0,0.0,0.0,0.0,0.0,disable,disable
M0253,S1,20260870782683,84,8.92,273.6,enable,58.3,lat lon,naive,6.5,6.0,0.5,,,0.0,0.0,0.0,0.0,0.0,0.0,0.0,0.0,disable,disable
M0254,S1,20260870782684,3,7.38,167.5,enable,24.6,lat lon,naive,9.0,5.5,0.5,,,0.0,0.0,0.0,0.0,0.0,0.0,0.0,0.0,disable,disable
M0255,S1,20260870782685,116,8.58,64.9,enable,19.3,lat lon,naive,5.5,6.0,0.5,,,0.0,0.0,0.0,0.0,0.0,0.0,0.0,0.0,disable,disable
M0256,S1,20260870782686,75,9.89,168.5,enable,15.0,lat lon,naive,6.0,6.5,0.5,,,0.0,0.0,0.0,0.0,0.0,0.0,0.0,0.0,disable,disable
M0257,S1,20260870782687,18,7.84,211.5,enable,37.2,lat lon,naive,7.5,7.0,0.5,,,0.0,0.0,0.0,0.0,0.0,0.0,0.0,0.0,disable,disable
M0258,S1,20260870782688,22,7.5,236.6,enable,66.7,lat lon,naive,5.5,8.5,0.5,,,0.0,0.0,0.0,0.0,0.0,0.0,0.0,0.0,disable,disable
M0259,S1,20260870782689,83,9.58,171.0,enable,49.6,lat lon,naive,8.0,6.0,0.5,,,0.0,0.0,0.0,0.0,0.0,0.0,0.0,0.0,disable,disable
M0260,S1,20260870782690,77,9.8,263.0,enable,56.9,lat lon,naive,9.0,8.0,0.5,,,0.0,0.0,0.0,0.0,0.0,0.0,0.0,0.0,disable,disable
M0261,S1,20260870782691,65,6.05,163.2,enable,41.9,lat lon,naive,6.5,6.5,0.5,,,0.0,0.0,0.0,0.0,0.0,0.0,0.0,0.0,disable,disable
M0262,S1,20260870782692,125,6.61,197.5,enable,17.3,lat lon,naive,6.5,6.5,0.5,,,0.0,0.0,0.0,0.0,0.0,0.0,0.0,0.0,disable,disable
M0263,S1,20260870782693,93,9.44,154.7,enable,13.2,lat lon,naive,6.5,8.5,0.5,,,0.0,0.0,0.0,0.0,0.0,0.0,0.0,0.0,disable,disable
M0264,S1,20260870782694,57,8.13,94.7,enable,16.5,lat lon,naive,8.0,7.5,0.5,,,0.0,0.0,0.0,0.0,0.0,0.0,0.0,0.0,disable,disable
M0265,S1,20260870782695,117,6.61,190.5,enable,40.3,lat lon,naive,8.5,6.5,0.5,,,0.0,0.0,0.0,0.0,0.0,0.0,0.0,0.0,disable,disable
M0266,S1,20260870782696,123,9.94,116.0,enable,14.2,lat lon,naive,8.5,6.0,0.5,,,0.0,0.0,0.0,0.0,0.0,0.0,0.0,0.0,disable,disable
M0267,S1,20260870782697,131,8.89,203.4,enable,30.1,lat lon,naive,8.0,6.5,0.5,,,0.0,0.0,0.0,0.0,0.0,0.0,0.0,0.0,disable,disable
M0268,S1,20260870782698,72,6.05,158.6,enable,35.4,lat lon,naive,6.5,9.0,0.5,,,0.0,0.0,0.0,0.0,0.0,0.0,0.0,0.0,disable,disable
M0269,S1,20260870782699,37,8.7,71.0,enable,18.3,lat lon,naive,6.5,8.0,0.5,,,0.0,0.0,0.0,0.0,0.0,0.0,0.0,0.0,disable,disable
M0270,S1,20260870782700,153,8.91,263.4,enable,54.9,lat lon,naive,5.0,6.0,0.5,,,0.0,0.0,0.0,0.0,0.0,0.0,0.0,0.0,disable,disable
M0271,S1,20260870782701,73,6.84,195.3,enable,43.7,lat lon,naive,5.0,7.0,0.5,,,0.0,0.0,0.0,0.0,0.0,0.0,0.0,0.0,disable,disable
M0272,S1,20260870782702,53,7.58,143.0,enable,21.1,lat lon,naive,8.5,8.5,0.5,,,0.0,0.0,0.0,0.0,0.0,0.0,0.0,0.0,disable,disable
M0273,S1,20260870782703,36,7.43,288.6,enable,62.0,lat lon,naive,5.0,6.5,0.5,,,0.0,0.0,0.0,0.0,0.0,0.0,0.0,0.0,disable,disable
M0274,S1,20260870782704,56,8.51,219.5,enable,45.7,lat lon,naive,6.5,7.0,0.5,,,0.0,0.0,0.0,0.0,0.0,0.0,0.0,0.0,disable,disable
M0275,S1,20260870782705,100,8.4,69.4,enable,15.3,lat lon,naive,8.0,6.0,0.5,,,0.0,0.0,0.0,0.0,0.0,0.0,0.0,0.0,disable,disable
M0276,S1,20260870782706,79,6.11,270.1,enable,44.8,lat lon,naive,7.5,6.0,0.5,,,0.0,0.0,0.0,0.0,0.0,0.0,0.0,0.0,disable,disable
M0277,S1,20260870782707,9,9.85,105.9,enable,28.8,lat lon,naive,5.5,7.5,0.5,,,0.0,0.0,0.0,0.0,0.0,0.0,0.0,0.0,disable,disable
M0278,S1,20260870782708,7,8.93,279.2,enable,39.6,lat lon,naive,8.5,9.0,0.5,,,0.0,0.0,0.0,0.0,0.0,0.0,0.0,0.0,disable,disable
M0279,S1,20260870782709,132,6.44,183.0,enable,41.2,lat lon,naive,8.5,7.0,0.5,,,0.0,0.0,0.0,0.0,0.0,0.0,0.0,0.0,disable,disable
M0280,S1,20260870782710,134,9.95,252.1,enable,14.1,lat lon,naive,6.5,7.5,0.5,,,0.0,0.0,0.0,0.0,0.0,0.0,0.0,0.0,disable,disable
M0281,S1,20260870782711,69,9.43,67.6,enable,12.2,lat lon,naive,6.0,5.5,0.5,,,0.0,0.0,0.0,0.0,0.0,0.0,0.0,0.0,disable,disable
M0282,S1,20260870782712,148,7.67,108.7,enable,20.6,lat lon,naive,8.0,5.0,0.5,,,0.0,0.0,0.0,0.0,0.0,0.0,0.0,0.0,disable,disable
M0283,S1,20260870782713,128,8.7,161.4,enable,45.3,lat lon,naive,6.0,8.0,0.5,,,0.0,0.0,0.0,0.0,0.0,0.0,0.0,0.0,disable,disable
M0284,S1,20260870782714,125,6.48,274.4,enable,72.9,lat lon,naive,5.5,7.5,0.5,,,0.0,0.0,0.0,0.0,0.0,0.0,0.0,0.0,disable,disable
M0285,S1,20260870782715,52,8.82,102.2,enable,24.1,lat lon,naive,7.5,9.0,0.5,,,0.0,0.0,0.0,0.0,0.0,0.0,0.0,0.0,disable,disable
M0286,S1,20260870782716,3,6.56,291.0,enable,24.0,lat lon,naive,7.5,5.5,0.5,,,0.0,0.0,0.0,0.0,0.0,0.0,0.0,0.0,disable,disable
M0287,S1,20260870782717,119,8.43,98.5,enable,18.2,lat lon,naive,5.5,6.5,0.5,,,0.0,0.0,0.0,0.0,0.0,0.0,0.0,0.0,disable,disable
M0288,S1,20260870782718,107,8.94,279.0,enable,39.3,lat lon,naive,7.5,7.5,0.5,,,0.0,0.0,0.0,0.0,0.0,0.0,0.0,0.0,disable,disable
M0289,S1,20260870782719,137,7.72,186.3,enable,30.0,lat lon,naive,5.5,7.5,0.5,,,0.0,0.0,0.0,0.0,0.0,0.0,0.0,0.0,disable,disable
M0290,S1,20260870782720,31,8.9,91.1,enable,24.3,lat lon,naive,5.5,6.5,0.5,,,0.0,0.0,0.0,0.0,0.0,0.0,0.0,0.0,disable,disable
M0291,S1,20260870782721,86,9.38,187.7,enable,30.4,lat lon,naive,7.0,8.5,0.5,,,0.0,0.0,0.0,0.0,0.0,0.0,0.0,0.0,disable,disable
M0292,S1,20260870782722,38,7.7,131.5,enable,19.0,lat lon,naive,6.0,6.5,0.5,,,0.0,0.0,0.0,0.0,0.0,0.0,0.0,0.0,disable,disable
M0293,S1,20260870782723,40,8.39,170.5,enable,42.6,lat lon,naive,9.0,7.5,0.5,,,0.0,0.0,0.0,0.0,0.0,0.0,0.0,0.0,disable,disable
M0294,S1,20260870782724,132,7.95,78.2,enable,4.5,lat lon,naive,8.5,9.0,0.5,,,0.0,0.0,0.0,0.0,0.0,0.0,0.0,0.0,disable,disable
M0295,S1,20260870782725,18,9.98,115.0,enable,6.7,lat lon,naive,7.0,5.5,0.5,,,0.0,0.0,0.0,0.0,0.0,0.0,0.0,0.0,disable,disable
M0296,S1,20260870782726,70,7.3,225.5,enable,40.1,lat lon,naive,7.0,6.5,0.5,,,0.0,0.0,0.0,0.0,0.0,0.0,0.0,0.0,disable,disable
M0297,S1,20260870782727,113,6.76,222.8,enable,11.4,lat lon,naive,5.0,6.0,0.5,,,0.0,0.0,0.0,0.0,0.0,0.0,0.0,0.0,disable,disable
M0298,S1,20260870782728,24,7.24,102.8,enable,10.2,lat lon,naive,6.5,5.0,0.5,,,0.0,0.0,0.0,0.0,0.0,0.0,0.0,0.0,disable,disable
M0299,S1,20260870782729,127,7.12,134.4,enable,38.8,lat lon,naive,5.5,6.5,0.5,,,0.0,0.0,0.0,0.0,0.0,0.0,0.0,0.0,disable,disable
M0300,S2,20260870782730,127,9.02,121.9,enable,68.6,lat lon psi v,naive,0.0,0.0,0.0,5.8,5.0,0.113,0.118,5.2,0.095,0.0,0.0,0.0,0.0,disable,zero
M0301,S2,20260870782731,36,9.17,113.3,enable,51.1,lat lon psi v,naive,0.0,0.0,0.0,5.04,4.28,0.086,0.099,5.62,0.09,0.0,0.0,0.0,0.0,disable,zero
M0302,S2,20260870782732,120,9.21,266.3,enable,110.6,lat lon psi v,naive,0.0,0.0,0.0,5.66,4.12,0.083,0.108,5.08,0.118,0.0,0.0,0.0,0.0,disable,zero
M0303,S2,20260870782733,24,8.01,226.6,enable,117.9,lat lon psi v,naive,0.0,0.0,0.0,5.38,5.64,0.101,0.115,4.76,0.101,0.0,0.0,0.0,0.0,disable,zero
M0304,S2,20260870782734,20,7.99,75.0,enable,45.8,lat lon psi v,naive,0.0,0.0,0.0,5.9,5.36,0.105,0.111,5.73,0.101,0.0,0.0,0.0,0.0,disable,zero
M0305,S2,20260870782735,92,6.06,198.3,enable,118.1,lat lon psi v,naive,0.0,0.0,0.0,4.77,4.31,0.1,0.106,5.47,0.097,0.0,0.0,0.0,0.0,disable,zero
M0306,S2,20260870782736,39,7.04,191.2,enable,116.7,lat lon psi v,naive,0.0,0.0,0.0,4.65,5.4,0.105,0.097,5.33,0.103,0.0,0.0,0.0,0.0,disable,zero
M0307,S2,20260870782737,85,9.32,233.7,enable,114.2,lat lon psi v,naive,0.0,0.0,0.0,5.78,4.04,0.09,0.111,4.53,0.11,0.0,0.0,0.0,0.0,disable,zero
M0308,S2,20260870782738,16,9.42,192.1,enable,75.0,lat lon psi v,naive,0.0,0.0,0.0,5.47,5.86,0.105,0.102,4.33,0.105,0.0,0.0,0.0,0.0,disable,zero
M0309,S2,20260870782739,61,7.42,162.1,enable,78.6,lat lon psi v,naive,0.0,0.0,0.0,4.46,5.21,0.108,0.098,5.33,0.083,0.0,0.0,0.0,0.0,disable,zero
M0310,S2,20260870782740,73,6.86,192.6,enable,86.3,lat lon psi v,naive,0.0,0.0,0.0,4.3,4.17,0.109,0.088,4.45,0.086,0.0,0.0,0.0,0.0,disable,zero
M0311,S2,20260870782741,119,6.32,213.8,enable,118.6,lat lon psi v,naive,0.0,0.0,0.0,4.46,4.76,0.111,0.119,4.72,0.098,0.0,0.0,0.0,0.0,disable,zero
M0312,S2,20260870782742,154,6.82,153.2,enable,73.2,lat lon psi v,naive,0.0,0.0,0.0,4.67,4.33,0.084,0.088,4.46,0.087,0.0,0.0,0.0,0.0,disable,zero
M0313,S2,20260870782743,144,9.19,253.9,enable,141.8,lat lon psi v,naive,0.0,0.0,0.0,4.45,4.37,0.09,0.113,5.18,0.087,0.0,0.0,0.0,0.0,disable,zero
M0314,S2,20260870782744,43,7.14,261.2,enable,94.6,lat lon psi v,naive,0.0,0.0,0.0,5.31,5.44,0.112,0.115,4.98,0.116,0.0,0.0,0.0,0.0,disable,zero
M0315,S2,20260870782745,152,6.18,77.7,enable,28.0,lat lon psi v,naive,0.0,0.0,0.0,5.82,5.54,0.081,0.12,5.54,0.09,0.0,0.0,0.0,0.0,disable,zero
M0316,S2,20260870782746,114,9.64,168.9,enable,104.8,lat lon psi v,naive,0.0,0.0,0.0,4.02,4.84,0.098,0.099,4.88,0.112,0.0,0.0,0.0,0.0,disable,zero
M0317,S2,20260870782747,58,6.81,248.4,enable,159.1,lat lon psi v,naive,0.0,0.0,0.0,4.79,4.39,0.11,0.106,5.88,0.096,0.0,0.0,0.0,0.0,disable,zero
M0318,S2,20260870782748,142,9.64,224.9,enable,113.5,lat lon psi v,naive,0.0,0.0,0.0,4.99,4.2,0.114,0.104,5.64,0.111,0.0,0.0,0.0,0.0,disable,zero
M0319,S2,20260870782749,119,9.15,171.6,enable,103.1,lat lon psi v,naive,0.0,0.0,0.0,5.23,4.57,0.104,0.099,5.86,0.103,0.0,0.0,0.0,0.0,disable,zero
M0320,S2,20260870782750,146,7.66,108.0,enable,51.1,lat lon psi v,naive,0.0,0.0,0.0,5.72,4.06,0.11,0.119,5.77,0.082,0.0,0.0,0.0,0.0,disable,zero
M0321,S2,20260870782751,141,7.45,84.3,enable,42.2,lat lon psi v,naive,0.0,0.0,0.0,4.64,5.78,0.105,0.116,4.96,0.114,0.0,0.0,0.0,0.0,disable,zero
M0322,S2,20260870782752,38,6.82,102.2,enable,44.2,lat lon psi v,naive,0.0,0.0,0.0,4.82,5.26,0.084,0.116,4.22,0.104,0.0,0.0,0.0,0.0,disable,zero
M0323,S2,20260870782753,113,6.21,242.2,enable,118.4,lat lon psi v,naive,0.0,0.0,0.0,4.46,4.33,0.109,0.104,5.18,0.102,0.0,0.0,0.0,0.0,disable,zero
M0324,S2,20260870782754,47,6.29,294.3,enable,177.7,lat lon psi v,naive,0.0,0.0,0.0,4.83,5.88,0.117,0.115,5.92,0.086,0.0,0.0,0.0,0.0,disable,zero
M0325,S2,20260870782755,39,8.86,137.1,enable,55.1,lat lon psi v,naive,0.0,0.0,0.0,4.06,4.48,0.095,0.11,4.62,0.092,0.0,0.0,0.0,0.0,disable,zero
M0326,S2,20260870782756,131,9.38,192.5,enable,75.2,lat lon psi v,naive,0.0,0.0,0.0,5.4,4.84,0.104,0.097,4.37,0.1,0.0,0.0,0.0,0.0,disable,zero
M0327,S2,20260870782757,149,8.2,200.4,enable,85.2,lat lon psi v,naive,0.0,0.0,0.0,4.49,4.94,0.096,0.082,4.46,0.096,0.0,0.0,0.0,0.0,disable,zero
M0328,S2,20260870782758,101,7.48,176.4,enable,110.5,lat lon psi v,naive,0.0,0.0,0.0,4.78,4.29,0.102,0.091,4.38,0.109,0.0,0.0,0.0,0.0,disable,zero
M0329,S2,20260870782759,134,9.56,233.1,enable,143.6,lat lon psi v,naive,0.0,0.0,0.0,5.54,4.36,0.103,0.104,5.84,0.111,0.0,0.0,0.0,0.0,disable,zero
M0330,S2,20260870782760,20,6.36,76.9,enable,28.9,lat lon psi v,naive,0.0,0.0,0.0,5.34,4.86,0.084,0.097,4.72,0.1,0.0,0.0,0.0,0.0,disable,zero
M0331,S2,20260870782761,102,7.67,196.9,enable,104.9,lat lon psi v,naive,0.0,0.0,0.0,5.75,5.78,0.11,0.117,5.65,0.093,0.0,0.0,0.0,0.0,disable,zero
M0332,S2,20260870782762,42,6.01,89.1,enable,40.8,lat lon psi v,naive,0.0,0.0,0.0,4.45,4.51,0.11,0.105,5.14,0.091,0.0,0.0,0.0,0.0,disable,zero
M0333,S2,20260870782763,84,9.37,113.5,enable,69.7,lat lon psi v,naive,0.0,0.0,0.0,4.87,5.44,0.119,0.107,4.28,0.111,0.0,0.0,0.0,0.0,disable,zero
M0334,S2,20260870782764,151,7.12,66.1,enable,42.7,lat lon psi v,naive,0.0,0.0,0.0,4.53,4.29,0.119,0.084,4.91,0.082,0.0,0.0,0.0,0.0,disable,zero
M0335,S2,20260870782765,74,7.73,129.5,enable,52.7,lat lon psi v,naive,0.0,0.0,0.0,5.13,4.79,0.117,0.096,4.28,0.1,0.0,0.0,0.0,0.0,disable,zero
M0336,S2,20260870782766,147,8.37,78.7,enable,40.4,lat lon psi v,naive,0.0,0.0,0.0,4.77,4.64,0.082,0.104,4.26,0.097,0.0,0.0,0.0,0.0,disable,zero
M0337,S2,20260870782767,135,6.63,90.9,enable,56.1,lat lon psi v,naive,0.0,0.0,0.0,5.53,4.69,0.08,0.084,4.29,0.112,0.0,0.0,0.0,0.0,disable,zero
M0338,S2,20260870782768,44,8.95,179.0,enable,95.1,lat lon psi v,naive,0.0,0.0,0.0,4.3,5.63,0.095,0.093,5.35,0.098,0.0,0.0,0.0,0.0,disable,zero
M0339,S2,20260870782769,71,7.57,240.8,enable,136.4,lat lon psi v,naive,0.0,0.0,0.0,4.14,4.31,0.1,0.087,5.67,0.088,0.0,0.0,0.0,0.0,disable,zero
M0340,S2,20260870782770,2,9.25,113.5,enable,71.5,lat lon psi v,naive,0.0,0.0,0.0,4.5,4.76,0.088,0.106,5.53,0.114,0.0,0.0,0.0,0.0,disable,zero
M0341,S2,20260870782771,67,7.14,64.6,enable,26.8,lat lon psi v,naive,0.0,0.0,0.0,4.86,4.07,0.103,0.116,4.48,0.09,0.0,0.0,0.0,0.0,disable,zero
M0342,S2,20260870782772,58,9.45,142.7,enable,56.8,lat lon psi v,naive,0.0,0.0,0.0,4.9,4.98,0.085,0.105,4.8,0.099,0.0,0.0,0.0,0.0,disable,zero
M0343,S2,20260870782773,30,7.79,297.2,enable,177.6,lat lon psi v,naive,0.0,0.0,0.0,4.46,5.35,0.098,0.097,5.46,0.086,0.0,0.0,0.0,0.0,disable,zero
M0344,S2,20260870782774,119,8.53,141.7,enable,68.9,lat lon psi v,naive,0.0,0.0,0.0,5.82,4.04,0.088,0.101,5.02,0.109,0.0,0.0,0.0,0.0,disable,zero
M0345,S2,20260870782775,105,9.58,285.6,enable,173.6,lat lon psi v,naive,0.0,0.0,0.0,5.7,4.89,0.108,0.096,4.7,0.111,0.0,0.0,0.0,0.0,disable,zero
M0346,S2,20260870782776,45,7.8,275.7,enable,142.0,lat lon psi v,naive,0.0,0.0,0.0,5.36,5.75,0.086,0.113,4.17,0.094,0.0,0.0,0.0,0.0,disable,zero
M0347,S2,20260870782777,134,8.02,208.8,enable,85.2,lat lon psi v,naive,0.0,0.0,0.0,4.92,5.65,0.087,0.109,5.44,0.114,0.0,0.0,0.0,0.0,disable,zero
M0348,S2,20260870782778,103,9.98,120.4,enable,63.8,lat lon psi v,naive,0.0,0.0,0.0,5.75,4.47,0.106,0.104,4.65,0.101,0.0,0.0,0.0,0.0,disable,zero
M0349,S2,20260870782779,48,6.87,215.3,enable,121.6,lat lon psi v,naive,0.0,0.0,0.0,5.9,4.39,0.094,0.081,5.25,0.119,0.0,0.0,0.0,0.0,disable,zero
M0350,S2,20260870782780,135,9.59,280.4,enable,165.3,lat lon psi v,naive,0.0,0.0,0.0,5.7,4.76,0.091,0.11,4.67,0.094,0.0,0.0,0.0,0.0,disable,zero
M0351,S2,20260870782781,18,8.23,92.4,enable,37.7,lat lon psi v,naive,0.0,0.0,0.0,5.89,4.19,0.086,0.096,5.2,0.107,0.0,0.0,0.0,0.0,disable,zero
M0352,S2,20260870782782,126,7.04,134.9,enable,84.6,lat lon psi v,naive,0.0,0.0,0.0,4.55,4.61,0.099,0.112,5.4,0.12,0.0,0.0,0.0,0.0,disable,zero
M0353,S2,20260870782783,17,6.38,264.5,enable,102.3,lat lon psi v,naive,0.0,0.0,0.0,4.44,4.57,0.101,0.093,5.25,0.114,0.0,0.0,0.0,0.0,disable,zero
M0354,S2,20260870782784,28,9.95,266.1,enable,108.9,lat lon psi v,naive,0.0,0.0,0.0,4.79,4.61,0.104,0.107,5.17,0.116,0.0,0.0,0.0,0.0,disable,zero
M0355,S2,20260870782785,96,8.19,70.4,enable,26.0,lat lon psi v,naive,0.0,0.0,0.0,5.89,4.44,0.113,0.08,5.46,0.101,0.0,0.0,0.0,0.0,disable,zero
M0356,S2,20260870782786,6,7.84,182.0,enable,101.0,lat lon psi v,naive,0.0,0.0,0.0,4.17,5.47,0.094,0.098,5.77,0.094,0.0,0.0,0.0,0.0,disable,zero
M0357,S2,20260870782787,4,9.06,157.0,enable,69.1,lat lon psi v,naive,0.0,0.0,0.0,4.61,5.04,0.086,0.098,5.26,0.088,0.0,0.0,0.0,0.0,disable,zero
M0358,S2,20260870782788,74,6.13,293.4,enable,151.8,lat lon psi v,naive,0.0,0.0,0.0,4.98,5.6,0.093,0.082,5.36,0.091,0.0,0.0,0.0,0.0,disable,zero
M0359,S2,20260870782789,143,7.29,151.6,enable,90.7,lat lon psi v,naive,0.0,0.0,0.0,5.4,4.5,0.11,0.109,5.89,0.099,0.0,0.0,0.0,0.0,disable,zero
M0360,S2,20260870782790,66,9.73,63.4,enable,35.8,lat lon psi v,naive,0.0,0.0,0.0,5.03,5.13,0.1,0.087,4.04,0.101,0.0,0.0,0.0,0.0,disable,zero
M0361,S2,20260870782791,80,8.88,291.7,enable,126.9,lat lon psi v,naive,0.0,0.0,0.0,5.0,4.34,0.105,0.12,4.4,0.087,0.0,0.0,0.0,0.0,disable,zero
M0362,S2,20260870782792,12,7.33,225.6,enable,117.8,lat lon psi v,naive,0.0,0.0,0.0,5.97,4.91,0.084,0.115,4.94,0.107,0.0,0.0,0.0,0.0,disable,zero
M0363,S2,20260870782793,48,8.12,140.2,enable,52.1,lat lon psi v,naive,0.0,0.0,0.0,4.66,4.79,0.117,0.119,4.13,0.108,0.0,0.0,0.0,0.0,disable,zero
M0364,S2,20260870782794,15,7.54,213.1,enable,122.1,lat lon psi v,naive,0.0,0.0,0.0,5.21,5.3,0.113,0.109,5.35,0.097,0.0,0.0,0.0,0.0,disable,zero
M0365,S2,20260870782795,73,6.82,96.0,enable,41.3,lat lon psi v,naive,0.0,0.0,0.0,5.92,4.91,0.082,0.096,4.47,0.095,0.0,0.0,0.0,0.0,disable,zero
M0366,S2,20260870782796,89,6.62,207.6,enable,100.9,lat lon psi v,naive,0.0,0.0,0.0,5.58,4.82,0.095,0.098,5.08,0.113,0.0,0.0,0.0,0.0,disable,zero
M0367,S2,20260870782797,137,6.24,164.0,enable,87.4,lat lon psi v,naive,0.0,0.0,0.0,4.34,4.64,0.083,0.111,5.73,0.11,0.0,0.0,0.0,0.0,disable,zero
M0368,S2,20260870782798,51,8.68,81.8,enable,48.8,lat lon psi v,naive,0.0,0.0,0.0,4.59,5.83,0.082,0.091,4.28,0.084,0.0,0.0,0.0,0.0,disable,zero
M0369,S2,20260870782799,20,6.68,119.0,enable,54.0,lat lon psi v,naive,0.0,0.0,0.0,5.08,4.99,0.095,0.093,5.46,0.118,0.0,0.0,0.0,0.0,disable,zero
M0370,S2,20260870782800,126,8.93,67.6,enable,28.7,lat lon psi v,naive,0.0,0.0,0.0,5.02,4.79,0.087,0.095,5.75,0.11,0.0,0.0,0.0,0.0,disable,zero
M0371,S2,20260870782801,2,8.91,275.7,enable,148.9,lat lon psi v,naive,0.0,0.0,0.0,5.23,4.52,0.107,0.081,4.2,0.087,0.0,0.0,0.0,0.0,disable,zero
M0372,S2,20260870782802,115,6.98,260.3,enable,130.3,lat lon psi v,naive,0.0,0.0,0.0,4.83,5.31,0.108,0.107,5.77,0.119,0.0,0.0,0.0,0.0,disable,zero
M0373,S2,20260870782803,31,6.56,64.7,enable,34.2,lat lon psi v,naive,0.0,0.0,0.0,5.7,5.1,0.081,0.107,5.37,0.109,0.0,0.0,0.0,0.0,disable,zero
M0374,S2,20260870782804,52,8.96,155.7,enable,79.4,lat lon psi v,naive,0.0,0.0,0.0,4.23,4.57,0.095,0.089,5.67,0.098,0.0,0.0,0.0,0.0,disable,zero
M0375,S2,20260870782805,33,7.45,110.0,enable,45.8,lat lon psi v,naive,0.0,0.0,0.0,5.85,5.91,0.113,0.115,4.02,0.106,0.0,0.0,0.0,0.0,disable,zero
M0376,S2,20260870782806,139,6.96,266.2,enable,129.7,lat lon psi v,naive,0.0,0.0,0.0,4.83,5.09,0.095,0.115,5.65,0.104,0.0,0.0,0.0,0.0,disable,zero
M0377,S2,20260870782807,32,6.19,253.4,enable,95.4,lat lon psi v,naive,0.0,0.0,0.0,5.91,4.19,0.087,0.104,4.85,0.104,0.0,0.0,0.0,0.0,disable,zero
M0378,S2,20260870782808,118,9.61,193.1,enable,78.4,lat lon psi v,naive,0.0,0.0,0.0,4.02,5.13,0.083,0.103,4.94,0.092,0.0,0.0,0.0,0.0,disable,zero
M0379,S2,20260870782809,152,8.69,70.4,enable,37.2,lat lon psi v,naive,0.0,0.0,0.0,4.19,4.39,0.082,0.098,5.42,0.091,0.0,0.0,0.0,0.0,disable,zero
M0380,S2,20260870782810,113,7.26,98.9,enable,52.3,lat lon psi v,naive,0.0,0.0,0.0,5.39,4.67,0.103,0.12,4.2,0.099,0.0,0.0,0.0,0.0,disable,zero
M0381,S2,20260870782811,95,7.41,112.1,enable,52.1,lat lon psi v,naive,0.0,0.0,0.0,5.98,5.43,0.113,0.085,5.15,0.103,0.0,0.0,0.0,0.0,disable,zero
M0382,S2,20260870782812,42,6.83,179.9,enable,104.6,lat lon psi v,naive,0.0,0.0,0.0,5.16,4.25,0.083,0.087,4.3,0.086,0.0,0.0,0.0,0.0,disable,zero
M0383,S2,20260870782813,75,9.02,111.3,enable,66.9,lat lon psi v,naive,0.0,0.0,0.0,4.5,4.79,0.099,0.088,4.91,0.104,0.0,0.0,0.0,0.0,disable,zero
M0384,S2,20260870782814,32,7.38,87.8,enable,40.7,lat lon psi v,naive,0.0,0.0,0.0,5.82,5.85,0.115,0.119,5.56,0.116,0.0,0.0,0.0,0.0,disable,zero
M0385,S2,20260870782815,149,9.46,273.8,enable,110.5,lat lon psi v,naive,0.0,0.0,0.0,4.94,5.74,0.111,0.091,4.97,0.109,0.0,0.0,0.0,0.0,disable,zero
M0386,S2,20260870782816,91,9.86,110.2,enable,47.4,lat lon psi v,naive,0.0,0.0,0.0,4.0,5.11,0.117,0.087,4.18,0.118,0.0,0.0,0.0,0.0,disable,zero
M0387,S2,20260870782817,113,9.74,270.7,enable,102.8,lat lon psi v,naive,0.0,0.0,0.0,5.91,4.46,0.103,0.102,4.07,0.109,0.0,0.0,0.0,0.0,disable,zero
M0388,S2,20260870782818,25,6.14,236.4,enable,99.4,lat lon psi v,naive,0.0,0.0,0.0,5.3,4.27,0.098,0.11,5.35,0.083,0.0,0.0,0.0,0.0,disable,zero
M0389,S2,20260870782819,20,6.93,216.7,enable,124.9,lat lon psi v,naive,0.0,0.0,0.0,4.02,5.16,0.111,0.118,4.41,0.12,0.0,0.0,0.0,0.0,disable,zero
M0390,S2,20260870782820,115,9.84,189.7,enable,85.2,lat lon psi v,naive,0.0,0.0,0.0,5.79,5.4,0.11,0.097,5.25,0.105,0.0,0.0,0.0,0.0,disable,zero
M0391,S2,20260870782821,86,7.42,223.5,enable,78.4,lat lon psi v,naive,0.0,0.0,0.0,4.17,5.26,0.101,0.092,4.37,0.101,0.0,0.0,0.0,0.0,disable,zero
M0392,S2,20260870782822,63,7.67,159.1,enable,98.1,lat lon psi v,naive,0.0,0.0,0.0,5.26,5.45,0.095,0.091,4.57,0.104,0.0,0.0,0.0,0.0,disable,zero
M0393,S2,20260870782823,123,8.29,89.0,enable,41.1,lat lon psi v,naive,0.0,0.0,0.0,4.99,4.46,0.116,0.098,6.0,0.116,0.0,0.0,0.0,0.0,disable,zero
M0394,S2,20260870782824,136,8.74,233.5,enable,110.3,lat lon psi v,naive,0.0,0.0,0.0,4.7,5.56,0.119,0.1,4.8,0.119,0.0,0.0,0.0,0.0,disable,zero
M0395,S2,20260870782825,22,8.8,206.9,enable,116.1,lat lon psi v,naive,0.0,0.0,0.0,5.31,4.39,0.112,0.096,5.16,0.088,0.0,0.0,0.0,0.0,disable,zero
M0396,S2,20260870782826,100,9.3,176.2,enable,114.1,lat lon psi v,naive,0.0,0.0,0.0,4.07,5.52,0.089,0.1,5.07,0.105,0.0,0.0,0.0,0.0,disable,zero
M0397,S2,20260870782827,27,7.83,225.9,enable,81.5,lat lon psi v,naive,0.0,0.0,0.0,5.42,5.78,0.089,0.089,4.58,0.11,0.0,0.0,0.0,0.0,disable,zero
M0398,S2,20260870782828,86,8.9,186.4,enable,115.7,lat lon psi v,naive,0.0,0.0,0.0,4.35,4.27,0.086,0.085,5.32,0.081,0.0,0.0,0.0,0.0,disable,zero
M0399,S2,20260870782829,89,7.97,69.4,enable,43.3,lat lon psi v,naive,0.0,0.0,0.0,5.18,5.08,0.102,0.099,5.11,0.08,0.0,0.0,0.0,0.0,disable,zero
M0400,S2,20260870782830,23,7.22,74.3,enable,28.7,lat lon psi v,naive,0.0,0.0,0.0,4.22,4.21,0.119,0.104,5.36,0.105,0.0,0.0,0.0,0.0,disable,zero
M0401,S2,20260870782831,33,9.87,166.0,enable,65.9,lat lon psi v,naive,0.0,0.0,0.0,5.44,4.04,0.091,0.108,4.35,0.103,0.0,0.0,0.0,0.0,disable,zero
M0402,S2,20260870782832,17,8.47,137.4,enable,67.7,lat lon psi v,naive,0.0,0.0,0.0,5.44,5.96,0.088,0.12,4.65,0.11,0.0,0.0,0.0,0.0,disable,zero
M0403,S2,20260870782833,136,6.37,104.2,enable,49.0,lat lon psi v,naive,0.0,0.0,0.0,4.1,4.41,0.098,0.114,4.36,0.092,0.0,0.0,0.0,0.0,disable,zero
M0404,S2,20260870782834,41,6.16,184.8,enable,91.7,lat lon psi v,naive,0.0,0.0,0.0,5.4,4.82,0.106,0.119,4.84,0.083,0.0,0.0,0.0,0.0,disable,zero
M0405,S2,20260870782835,9,8.08,200.0,enable,86.6,lat lon psi v,naive,0.0,0.0,0.0,5.83,4.1,0.1,0.087,5.26,0.103,0.0,0.0,0.0,0.0,disable,zero
M0406,S2,20260870782836,84,6.67,191.3,enable,120.0,lat lon psi v,naive,0.0,0.0,0.0,4.84,4.49,0.107,0.116,5.36,0.103,0.0,0.0,0.0,0.0,disable,zero
M0407,S2,20260870782837,61,8.1,122.4,enable,54.2,lat lon psi v,naive,0.0,0.0,0.0,5.18,4.3,0.092,0.114,4.05,0.111,0.0,0.0,0.0,0.0,disable,zero
M0408,S2,20260870782838,93,9.68,78.0,enable,41.2,lat lon psi v,naive,0.0,0.0,0.0,4.77,5.04,0.096,0.107,5.77,0.106,0.0,0.0,0.0,0.0,disable,zero
M0409,S2,20260870782839,24,7.84,172.7,enable,92.9,lat lon psi v,naive,0.0,0.0,0.0,4.59,5.29,0.09,0.086,5.81,0.088,0.0,0.0,0.0,0.0,disable,zero
M0410,S2,20260870782840,0,7.58,159.8,enable,83.8,lat lon psi v,naive,0.0,0.0,0.0,4.95,4.74,0.115,0.092,5.66,0.115,0.0,0.0,0.0,0.0,disable,zero
M0411,S2,20260870782841,10,7.58,142.0,enable,52.8,lat lon psi v,naive,0.0,0.0,0.0,4.67,5.4,0.118,0.089,5.02,0.12,0.0,0.0,0.0,0.0,disable,zero
M0412,S2,20260870782842,19,8.49,218.4,enable,82.3,lat lon psi v,naive,0.0,0.0,0.0,4.05,4.67,0.11,0.099,5.6,0.085,0.0,0.0,0.0,0.0,disable,zero
M0413,S2,20260870782843,142,8.09,248.8,enable,141.2,lat lon psi v,naive,0.0,0.0,0.0,4.62,5.72,0.112,0.109,5.68,0.103,0.0,0.0,0.0,0.0,disable,zero
M0414,S2,20260870782844,100,7.89,294.8,enable,146.1,lat lon psi v,naive,0.0,0.0,0.0,5.58,4.32,0.119,0.107,4.42,0.111,0.0,0.0,0.0,0.0,disable,zero
M0415,S2,20260870782845,152,9.12,252.5,enable,111.7,lat lon psi v,naive,0.0,0.0,0.0,4.69,5.77,0.108,0.109,4.9,0.119,0.0,0.0,0.0,0.0,disable,zero
M0416,S2,20260870782846,133,6.34,205.9,enable,125.2,lat lon psi v,naive,0.0,0.0,0.0,5.97,4.05,0.1,0.095,4.11,0.11,0.0,0.0,0.0,0.0,disable,zero
M0417,S2,20260870782847,116,8.82,248.1,enable,136.0,lat lon psi v,naive,0.0,0.0,0.0,5.08,5.0,0.095,0.081,4.02,0.085,0.0,0.0,0.0,0.0,disable,zero
M0418,S2,20260870782848,11,8.4,61.9,enable,31.6,lat lon psi v,naive,0.0,0.0,0.0,4.94,4.38,0.118,0.081,4.25,0.114,0.0,0.0,0.0,0.0,disable,zero
M0419,S2,20260870782849,3,6.54,293.8,enable,130.9,lat lon psi v,naive,0.0,0.0,0.0,4.52,5.79,0.084,0.091,4.34,0.112,0.0,0.0,0.0,0.0,disable,zero
M0420,S2,20260870782850,140,6.87,143.8,enable,68.9,lat lon psi v,naive,0.0,0.0,0.0,4.98,4.74,0.106,0.084,4.72,0.104,0.0,0.0,0.0,0.0,disable,zero
M0421,S2,20260870782851,143,9.17,75.7,enable,46.0,lat lon psi v,naive,0.0,0.0,0.0,4.74,5.14,0.1,0.108,5.9,0.119,0.0,0.0,0.0,0.0,disable,zero
M0422,S2,20260870782852,134,7.51,218.2,enable,83.7,lat lon psi v,naive,0.0,0.0,0.0,4.47,5.96,0.118,0.084,4.64,0.115,0.0,0.0,0.0,0.0,disable,zero
M0423,S2,20260870782853,67,6.63,268.0,enable,154.7,lat lon psi v,naive,0.0,0.0,0.0,4.97,4.21,0.091,0.085,5.1,0.086,0.0,0.0,0.0,0.0,disable,zero
M0424,S2,20260870782854,81,7.76,74.9,enable,45.9,lat lon psi v,naive,0.0,0.0,0.0,4.31,4.81,0.111,0.105,4.16,0.092,0.0,0.0,0.0,0.0,disable,zero
M0425,S2,20260870782855,87,7.82,72.0,enable,44.2,lat lon psi v,naive,0.0,0.0,0.0,4.91,5.01,0.086,0.089,4.0,0.105,0.0,0.0,0.0,0.0,disable,zero
M0426,S2,20260870782856,108,6.71,201.9,enable,80.0,lat lon psi v,naive,0.0,0.0,0.0,5.82,4.04,0.119,0.09,5.08,0.097,0.0,0.0,0.0,0.0,disable,zero
M0427,S2,20260870782857,101,6.07,104.6,enable,49.1,lat lon psi v,naive,0.0,0.0,0.0,4.13,4.13,0.108,0.084,4.16,0.091,0.0,0.0,0.0,0.0,disable,zero
M0428,S2,20260870782858,0,6.97,238.2,enable,139.7,lat lon psi v,naive,0.0,0.0,0.0,5.95,4.69,0.097,0.098,4.2,0.083,0.0,0.0,0.0,0.0,disable,zero
M0429,S2,20260870782859,0,6.35,286.6,enable,168.6,lat lon psi v,naive,0.0,0.0,0.0,5.62,4.57,0.103,0.105,4.47,0.109,0.0,0.0,0.0,0.0,disable,zero
M0430,S2,20260870782860,63,6.88,254.3,enable,91.0,lat lon psi v,naive,0.0,0.0,0.0,5.51,4.87,0.115,0.118,4.48,0.102,0.0,0.0,0.0,0.0,disable,zero
M0431,S2,20260870782861,30,9.66,183.9,enable,108.8,lat lon psi v,naive,0.0,0.0,0.0,4.36,5.55,0.084,0.091,5.76,0.117,0.0,0.0,0.0,0.0,disable,zero
M0432,S2,20260870782862,120,6.29,284.7,enable,124.1,lat lon psi v,naive,0.0,0.0,0.0,5.61,5.23,0.087,0.088,4.1,0.097,0.0,0.0,0.0,0.0,disable,zero
M0433,S2,20260870782863,83,8.47,284.9,enable,166.1,lat lon psi v,naive,0.0,0.0,0.0,5.5,5.28,0.092,0.085,4.67,0.089,0.0,0.0,0.0,0.0,disable,zero
M0434,S2,20260870782864,61,9.26,160.7,enable,86.1,lat lon psi v,naive,0.0,0.0,0.0,4.01,4.71,0.082,0.098,4.37,0.098,0.0,0.0,0.0,0.0,disable,zero
M0435,S2,20260870782865,22,6.88,273.5,enable,142.2,lat lon psi v,naive,0.0,0.0,0.0,4.81,5.16,0.111,0.109,5.55,0.094,0.0,0.0,0.0,0.0,disable,zero
M0436,S2,20260870782866,130,6.62,133.5,enable,59.6,lat lon psi v,naive,0.0,0.0,0.0,4.34,4.67,0.089,0.118,4.94,0.114,0.0,0.0,0.0,0.0,disable,zero
M0437,S2,20260870782867,126,6.57,63.4,enable,39.3,lat lon psi v,naive,0.0,0.0,0.0,5.69,4.45,0.094,0.087,5.51,0.091,0.0,0.0,0.0,0.0,disable,zero
M0438,S2,20260870782868,32,7.15,216.7,enable,85.3,lat lon psi v,naive,0.0,0.0,0.0,4.78,4.17,0.09,0.086,5.03,0.114,0.0,0.0,0.0,0.0,disable,zero
M0439,S2,20260870782869,52,7.83,61.5,enable,38.5,lat lon psi v,naive,0.0,0.0,0.0,4.76,5.06,0.093,0.107,4.99,0.101,0.0,0.0,0.0,0.0,disable,zero
M0440,S2,20260870782870,84,6.78,209.7,enable,98.6,lat lon psi v,naive,0.0,0.0,0.0,4.35,5.24,0.113,0.101,5.28,0.11,0.0,0.0,0.0,0.0,disable,zero
M0441,S2,20260870782871,143,9.19,182.2,enable,91.5,lat lon psi v,naive,0.0,0.0,0.0,5.35,5.35,0.092,0.099,4.82,0.113,0.0,0.0,0.0,0.0,disable,zero
M0442,S2,20260870782872,98,7.94,60.5,enable,32.7,lat lon psi v,naive,0.0,0.0,0.0,4.63,5.48,0.116,0.12,5.28,0.097,0.0,0.0,0.0,0.0,disable,zero
M0443,S2,20260870782873,72,9.52,93.2,enable,41.9,lat lon psi v,naive,0.0,0.0,0.0,4.25,4.02,0.08,0.096,4.91,0.083,0.0,0.0,0.0,0.0,disable,zero
M0444,S2,20260870782874,152,8.05,264.1,enable,151.6,lat lon psi v,naive,0.0,0.0,0.0,4.24,4.67,0.083,0.119,5.66,0.09,0.0,0.0,0.0,0.0,disable,zero
M0445,S2,20260870782875,137,6.65,200.7,enable,128.3,lat lon psi v,naive,0.0,0.0,0.0,5.5,5.11,0.112,0.111,4.7,0.115,0.0,0.0,0.0,0.0,disable,zero
M0446,S2,20260870782876,88,6.57,166.0,enable,104.9,lat lon psi v,naive,0.0,0.0,0.0,4.67,4.2,0.099,0.108,5.68,0.118,0.0,0.0,0.0,0.0,disable,zero
M0447,S2,20260870782877,125,9.71,113.6,enable,52.5,lat lon psi v,naive,0.0,0.0,0.0,5.11,5.87,0.107,0.085,4.4,0.112,0.0,0.0,0.0,0.0,disable,zero
M0448,S2,20260870782878,84,8.13,101.9,enable,51.3,lat lon psi v,naive,0.0,0.0,0.0,4.6,4.61,0.102,0.094,4.94,0.105,0.0,0.0,0.0,0.0,disable,zero
M0449,S2,20260870782879,77,6.63,200.7,enable,80.6,lat lon psi v,naive,0.0,0.0,0.0,5.32,4.8,0.094,0.083,4.05,0.091,0.0,0.0,0.0,0.0,disable,zero
M0450,S2,20260870782880,15,6.37,109.9,enable,44.3,lat lon psi v,naive,0.0,0.0,0.0,4.71,4.1,0.101,0.095,5.7,0.117,0.0,0.0,0.0,0.0,disable,zero
M0451,S2,20260870782881,124,9.36,102.7,enable,62.2,lat lon psi v,naive,0.0,0.0,0.0,5.57,4.38,0.099,0.085,5.07,0.105,0.0,0.0,0.0,0.0,disable,zero
M0452,S2,20260870782882,28,9.46,147.5,enable,76.5,lat lon psi v,naive,0.0,0.0,0.0,4.69,5.1,0.093,0.106,4.66,0.096,0.0,0.0,0.0,0.0,disable,zero
M0453,S2,20260870782883,84,9.55,262.4,enable,153.8,lat lon psi v,naive,0.0,0.0,0.0,5.32,5.61,0.083,0.091,5.65,0.084,0.0,0.0,0.0,0.0,disable,zero
M0454,S2,20260870782884,33,6.25,156.5,enable,86.2,lat lon psi v,naive,0.0,0.0,0.0,5.59,4.16,0.082,0.117,5.14,0.087,0.0,0.0,0.0,0.0,disable,zero
M0455,S2,20260870782885,66,7.24,223.4,enable,98.4,lat lon psi v,naive,0.0,0.0,0.0,4.42,5.21,0.093,0.109,4.88,0.101,0.0,0.0,0.0,0.0,disable,zero
M0456,S2,20260870782886,94,8.14,171.7,enable,63.7,lat lon psi v,naive,0.0,0.0,0.0,4.23,5.48,0.09,0.088,4.67,0.099,0.0,0.0,0.0,0.0,disable,zero
M0457,S2,20260870782887,141,7.85,97.9,enable,53.3,lat lon psi v,naive,0.0,0.0,0.0,4.5,5.3,0.112,0.117,4.32,0.097,0.0,0.0,0.0,0.0,disable,zero
M0458,S2,20260870782888,81,7.55,105.5,enable,49.5,lat lon psi v,naive,0.0,0.0,0.0,4.41,5.53,0.089,0.109,5.77,0.106,0.0,0.0,0.0,0.0,disable,zero
M0459,S2,20260870782889,154,8.26,145.9,enable,51.2,lat lon psi v,naive,0.0,0.0,0.0,5.38,5.2,0.118,0.082,4.86,0.094,0.0,0.0,0.0,0.0,disable,zero
M0460,S2,20260870782890,139,9.07,126.8,enable,73.1,lat lon psi v,naive,0.0,0.0,0.0,5.17,5.79,0.118,0.088,5.09,0.119,0.0,0.0,0.0,0.0,disable,zero
M0461,S2,20260870782891,112,8.12,259.3,enable,126.9,lat lon psi v,naive,0.0,0.0,0.0,4.58,5.38,0.104,0.089,4.85,0.081,0.0,0.0,0.0,0.0,disable,zero
M0462,S2,20260870782892,154,7.74,118.8,enable,73.0,lat lon psi v,naive,0.0,0.0,0.0,4.48,5.76,0.087,0.117,5.53,0.119,0.0,0.0,0.0,0.0,disable,zero
M0463,S2,20260870782893,110,8.11,259.7,enable,115.1,lat lon psi v,naive,0.0,0.0,0.0,4.1,4.79,0.106,0.082,5.14,0.111,0.0,0.0,0.0,0.0,disable,zero
M0464,S2,20260870782894,84,9.78,124.8,enable,48.9,lat lon psi v,naive,0.0,0.0,0.0,5.75,5.48,0.086,0.094,5.65,0.111,0.0,0.0,0.0,0.0,disable,zero
M0465,S2,20260870782895,113,6.99,169.6,enable,98.3,lat lon psi v,naive,0.0,0.0,0.0,4.35,5.11,0.109,0.098,4.43,0.086,0.0,0.0,0.0,0.0,disable,zero
M0466,S2,20260870782896,67,6.72,267.0,enable,163.9,lat lon psi v,naive,0.0,0.0,0.0,4.95,5.59,0.093,0.115,4.1,0.118,0.0,0.0,0.0,0.0,disable,zero
M0467,S2,20260870782897,30,8.64,130.1,enable,70.7,lat lon psi v,naive,0.0,0.0,0.0,5.6,4.33,0.085,0.081,4.62,0.087,0.0,0.0,0.0,0.0,disable,zero
M0468,S2,20260870782898,129,8.68,72.4,enable,33.9,lat lon psi v,naive,0.0,0.0,0.0,5.35,4.58,0.117,0.117,4.51,0.082,0.0,0.0,0.0,0.0,disable,zero
M0469,S2,20260870782899,123,6.15,176.9,enable,100.5,lat lon psi v,naive,0.0,0.0,0.0,5.67,4.46,0.109,0.092,5.89,0.103,0.0,0.0,0.0,0.0,disable,zero
M0470,S2,20260870782900,31,6.52,295.8,enable,176.5,lat lon psi v,naive,0.0,0.0,0.0,4.22,4.65,0.105,0.1,4.62,0.087,0.0,0.0,0.0,0.0,disable,zero
M0471,S2,20260870782901,94,6.21,296.3,enable,152.0,lat lon psi v,naive,0.0,0.0,0.0,4.76,4.45,0.089,0.096,5.74,0.094,0.0,0.0,0.0,0.0,disable,zero
M0472,S2,20260870782902,29,9.95,178.5,enable,115.5,lat lon psi v,naive,0.0,0.0,0.0,5.55,4.58,0.097,0.086,5.83,0.099,0.0,0.0,0.0,0.0,disable,zero
M0473,S2,20260870782903,47,9.24,110.2,enable,52.4,lat lon psi v,naive,0.0,0.0,0.0,5.28,5.51,0.114,0.087,5.35,0.112,0.0,0.0,0.0,0.0,disable,zero
M0474,S2,20260870782904,48,8.73,280.1,enable,139.7,lat lon psi v,naive,0.0,0.0,0.0,4.08,5.41,0.119,0.088,4.13,0.099,0.0,0.0,0.0,0.0,disable,zero
M0475,S2,20260870782905,135,9.17,165.2,enable,95.9,lat lon psi v,naive,0.0,0.0,0.0,5.77,5.51,0.112,0.117,4.19,0.118,0.0,0.0,0.0,0.0,disable,zero
M0476,S2,20260870782906,23,8.47,257.9,enable,101.5,lat lon psi v,naive,0.0,0.0,0.0,5.65,4.18,0.089,0.105,5.43,0.116,0.0,0.0,0.0,0.0,disable,zero
M0477,S2,20260870782907,102,9.01,185.5,enable,65.6,lat lon psi v,naive,0.0,0.0,0.0,4.29,5.77,0.105,0.102,5.63,0.097,0.0,0.0,0.0,0.0,disable,zero
M0478,S2,20260870782908,72,8.92,82.8,enable,47.2,lat lon psi v,naive,0.0,0.0,0.0,5.51,5.89,0.094,0.108,4.9,0.109,0.0,0.0,0.0,0.0,disable,zero
M0479,S2,20260870782909,55,7.73,98.5,enable,58.2,lat lon psi v,naive,0.0,0.0,0.0,5.47,4.53,0.091,0.09,5.11,0.083,0.0,0.0,0.0,0.0,disable,zero
M0480,S2,20260870782910,28,6.05,204.3,enable,100.7,lat lon psi v,naive,0.0,0.0,0.0,4.39,4.3,0.113,0.103,5.36,0.094,0.0,0.0,0.0,0.0,disable,zero
M0481,S2,20260870782911,38,8.53,62.9,enable,26.4,lat lon psi v,naive,0.0,0.0,0.0,4.92,5.38,0.084,0.084,5.88,0.093,0.0,0.0,0.0,0.0,disable,zero
M0482,S2,20260870782912,65,9.09,232.6,enable,96.5,lat lon psi v,naive,0.0,0.0,0.0,4.09,5.58,0.1,0.115,5.25,0.116,0.0,0.0,0.0,0.0,disable,zero
M0483,S2,20260870782913,52,7.27,246.4,enable,102.5,lat lon psi v,naive,0.0,0.0,0.0,5.62,5.81,0.097,0.115,4.14,0.08,0.0,0.0,0.0,0.0,disable,zero
M0484,S2,20260870782914,19,8.13,197.2,enable,89.6,lat lon psi v,naive,0.0,0.0,0.0,4.51,5.86,0.11,0.088,4.11,0.107,0.0,0.0,0.0,0.0,disable,zero
M0485,S2,20260870782915,97,9.95,235.6,enable,91.2,lat lon psi v,naive,0.0,0.0,0.0,5.56,4.03,0.107,0.098,5.93,0.087,0.0,0.0,0.0,0.0,disable,zero
M0486,S2,20260870782916,142,8.89,147.8,enable,67.2,lat lon psi v,naive,0.0,0.0,0.0,4.05,5.26,0.081,0.083,5.21,0.098,0.0,0.0,0.0,0.0,disable,zero
M0487,S2,20260870782917,98,9.52,230.2,enable,130.8,lat lon psi v,naive,0.0,0.0,0.0,5.58,5.35,0.098,0.117,4.51,0.113,0.0,0.0,0.0,0.0,disable,zero
M0488,S2,20260870782918,82,8.39,122.6,enable,75.1,lat lon psi v,naive,0.0,0.0,0.0,4.57,5.92,0.085,0.1,5.36,0.097,0.0,0.0,0.0,0.0,disable,zero
M0489,S2,20260870782919,146,6.35,221.2,enable,139.6,lat lon psi v,naive,0.0,0.0,0.0,5.39,4.94,0.119,0.098,4.68,0.088,0.0,0.0,0.0,0.0,disable,zero
M0490,S2,20260870782920,29,9.96,274.8,enable,103.3,lat lon psi v,naive,0.0,0.0,0.0,5.04,4.53,0.087,0.114,5.72,0.104,0.0,0.0,0.0,0.0,disable,zero
M0491,S2,20260870782921,53,8.91,167.7,enable,70.9,lat lon psi v,naive,0.0,0.0,0.0,5.41,4.23,0.094,0.118,5.5,0.116,0.0,0.0,0.0,0.0,disable,zero
M0492,S2,20260870782922,80,6.42,157.9,enable,60.5,lat lon psi v,naive,0.0,0.0,0.0,5.42,5.31,0.085,0.113,4.46,0.117,0.0,0.0,0.0,0.0,disable,zero
M0493,S2,20260870782923,125,6.3,248.6,enable,128.9,lat lon psi v,naive,0.0,0.0,0.0,4.78,4.79,0.091,0.101,5.25,0.101,0.0,0.0,0.0,0.0,disable,zero
M0494,S2,20260870782924,87,6.99,143.7,enable,54.7,lat lon psi v,naive,0.0,0.0,0.0,5.96,4.2,0.107,0.113,5.8,0.092,0.0,0.0,0.0,0.0,disable,zero
M0495,S2,20260870782925,146,8.96,82.7,enable,39.6,lat lon psi v,naive,0.0,0.0,0.0,4.08,4.64,0.112,0.118,5.7,0.086,0.0,0.0,0.0,0.0,disable,zero
M0496,S2,20260870782926,131,9.05,240.5,enable,100.1,lat lon psi v,naive,0.0,0.0,0.0,4.43,4.53,0.088,0.113,4.75,0.113,0.0,0.0,0.0,0.0,disable,zero
M0497,S2,20260870782927,102,8.62,138.7,enable,82.2,lat lon psi v,naive,0.0,0.0,0.0,4.55,4.86,0.091,0.099,4.64,0.118,0.0,0.0,0.0,0.0,disable,zero
M0498,S2,20260870782928,71,8.57,290.9,enable,147.3,lat lon psi v,naive,0.0,0.0,0.0,5.23,4.36,0.103,0.097,4.41,0.114,0.0,0.0,0.0,0.0,disable,zero
M0499,S2,20260870782929,120,8.46,130.0,enable,51.4,lat lon psi v,naive,0.0,0.0,0.0,5.82,5.89,0.11,0.098,4.41,0.107,0.0,0.0,0.0,0.0,disable,zero
M0500,S2,20260870782930,126,8.83,161.3,enable,101.8,lat lon psi v,naive,0.0,0.0,0.0,5.39,5.76,0.118,0.104,4.84,0.11,0.0,0.0,0.0,0.0,disable,zero
M0501,S2,20260870782931,86,6.83,99.1,enable,51.5,lat lon psi v,naive,0.0,0.0,0.0,5.71,5.37,0.084,0.108,5.4,0.113,0.0,0.0,0.0,0.0,disable,zero
M0502,S2,20260870782932,104,6.01,280.8,enable,147.3,lat lon psi v,naive,0.0,0.0,0.0,4.37,5.13,0.096,0.087,5.41,0.102,0.0,0.0,0.0,0.0,disable,zero
M0503,S2,20260870782933,40,8.01,255.4,enable,94.1,lat lon psi v,naive,0.0,0.0,0.0,5.69,5.11,0.082,0.085,4.51,0.095,0.0,0.0,0.0,0.0,disable,zero
M0504,S2,20260870782934,97,7.97,259.3,enable,99.9,lat lon psi v,naive,0.0,0.0,0.0,4.58,4.2,0.093,0.083,4.34,0.106,0.0,0.0,0.0,0.0,disable,zero
M0505,S2,20260870782935,6,9.66,134.4,enable,57.4,lat lon psi v,naive,0.0,0.0,0.0,5.19,4.36,0.1,0.1,4.11,0.104,0.0,0.0,0.0,0.0,disable,zero
M0506,S2,20260870782936,76,6.74,224.9,enable,121.5,lat lon psi v,naive,0.0,0.0,0.0,4.11,4.11,0.106,0.108,4.23,0.117,0.0,0.0,0.0,0.0,disable,zero
M0507,S2,20260870782937,131,6.15,169.5,enable,80.2,lat lon psi v,naive,0.0,0.0,0.0,5.55,4.61,0.114,0.087,4.11,0.104,0.0,0.0,0.0,0.0,disable,zero
M0508,S2,20260870782938,79,8.73,84.5,enable,52.5,lat lon psi v,naive,0.0,0.0,0.0,5.88,5.66,0.11,0.117,4.93,0.08,0.0,0.0,0.0,0.0,disable,zero
M0509,S2,20260870782939,48,6.84,245.5,enable,132.5,lat lon psi v,naive,0.0,0.0,0.0,4.51,5.16,0.1,0.103,4.71,0.096,0.0,0.0,0.0,0.0,disable,zero
M0510,S2,20260870782940,23,8.09,275.3,enable,110.4,lat lon psi v,naive,0.0,0.0,0.0,5.92,4.87,0.106,0.113,5.43,0.112,0.0,0.0,0.0,0.0,disable,zero
M0511,S2,20260870782941,75,6.73,111.0,enable,51.6,lat lon psi v,naive,0.0,0.0,0.0,4.94,4.53,0.08,0.111,4.59,0.099,0.0,0.0,0.0,0.0,disable,zero
M0512,S2,20260870782942,135,7.34,131.9,enable,50.2,lat lon psi v,naive,0.0,0.0,0.0,5.0,5.69,0.081,0.085,4.82,0.091,0.0,0.0,0.0,0.0,disable,zero
M0513,S2,20260870782943,30,6.52,190.2,enable,114.9,lat lon psi v,naive,0.0,0.0,0.0,5.37,4.15,0.103,0.082,5.5,0.107,0.0,0.0,0.0,0.0,disable,zero
M0514,S2,20260870782944,42,9.27,84.0,enable,37.3,lat lon psi v,naive,0.0,0.0,0.0,4.95,4.19,0.113,0.106,5.42,0.107,0.0,0.0,0.0,0.0,disable,zero
M0515,S2,20260870782945,119,7.41,211.6,enable,122.3,lat lon psi v,naive,0.0,0.0,0.0,4.61,5.32,0.087,0.112,5.17,0.116,0.0,0.0,0.0,0.0,disable,zero
M0516,S2,20260870782946,57,8.45,177.0,enable,71.9,lat lon psi v,naive,0.0,0.0,0.0,5.42,4.27,0.11,0.082,5.52,0.117,0.0,0.0,0.0,0.0,disable,zero
M0517,S2,20260870782947,7,8.04,89.7,enable,43.5,lat lon psi v,naive,0.0,0.0,0.0,5.8,4.28,0.114,0.103,5.02,0.11,0.0,0.0,0.0,0.0,disable,zero
M0518,S2,20260870782948,94,9.83,114.5,enable,57.1,lat lon psi v,naive,0.0,0.0,0.0,4.4,4.62,0.087,0.103,5.65,0.116,0.0,0.0,0.0,0.0,disable,zero
M0519,S2,20260870782949,58,8.82,84.0,enable,50.5,lat lon psi v,naive,0.0,0.0,0.0,4.97,5.38,0.103,0.083,4.13,0.097,0.0,0.0,0.0,0.0,disable,zero
M0520,S2,20260870782950,129,6.37,70.3,enable,28.2,lat lon psi v,naive,0.0,0.0,0.0,4.97,4.05,0.085,0.092,5.71,0.099,0.0,0.0,0.0,0.0,disable,zero
M0521,S2,20260870782951,132,7.99,186.2,enable,107.9,lat lon psi v,naive,0.0,0.0,0.0,5.94,4.9,0.118,0.108,4.8,0.116,0.0,0.0,0.0,0.0,disable,zero
M0522,S2,20260870782952,127,7.83,124.1,enable,79.0,lat lon psi v,naive,0.0,0.0,0.0,4.27,4.61,0.118,0.11,4.23,0.088,0.0,0.0,0.0,0.0,disable,zero
M0523,S2,20260870782953,138,7.63,161.7,enable,62.0,lat lon psi v,naive,0.0,0.0,0.0,5.15,4.53,0.114,0.117,5.05,0.08,0.0,0.0,0.0,0.0,disable,zero
M0524,S2,20260870782954,82,6.23,112.5,enable,41.2,lat lon psi v,naive,0.0,0.0,0.0,4.94,5.17,0.082,0.088,4.61,0.11,0.0,0.0,0.0,0.0,disable,zero
M0525,S2,20260870782955,81,8.33,253.3,enable,117.0,lat lon psi v,naive,0.0,0.0,0.0,4.12,5.84,0.089,0.086,5.33,0.092,0.0,0.0,0.0,0.0,disable,zero
M0526,S2,20260870782956,3,8.03,164.6,enable,95.1,lat lon psi v,naive,0.0,0.0,0.0,4.25,5.82,0.116,0.105,5.82,0.109,0.0,0.0,0.0,0.0,disable,zero
M0527,S2,20260870782957,91,8.06,99.9,enable,41.9,lat lon psi v,naive,0.0,0.0,0.0,4.19,5.2,0.111,0.094,5.34,0.094,0.0,0.0,0.0,0.0,disable,zero
M0528,S2,20260870782958,108,6.53,181.5,enable,87.7,lat lon psi v,naive,0.0,0.0,0.0,5.22,5.14,0.103,0.115,5.02,0.107,0.0,0.0,0.0,0.0,disable,zero
M0529,S2,20260870782959,1,7.73,213.2,enable,109.1,lat lon psi v,naive,0.0,0.0,0.0,4.02,5.14,0.096,0.112,4.42,0.098,0.0,0.0,0.0,0.0,disable,zero
M0530,S2,20260870782960,27,6.81,210.1,enable,126.0,lat lon psi v,naive,0.0,0.0,0.0,5.03,5.14,0.103,0.105,4.16,0.103,0.0,0.0,0.0,0.0,disable,zero
M0531,S2,20260870782961,39,9.95,201.0,enable,122.6,lat lon psi v,naive,0.0,0.0,0.0,4.44,4.19,0.112,0.119,5.78,0.108,0.0,0.0,0.0,0.0,disable,zero
M0532,S2,20260870782962,56,8.77,71.1,enable,28.6,lat lon psi v,naive,0.0,0.0,0.0,5.87,4.79,0.09,0.113,4.95,0.1,0.0,0.0,0.0,0.0,disable,zero
M0533,S2,20260870782963,105,7.88,73.8,enable,47.5,lat lon psi v,naive,0.0,0.0,0.0,4.08,4.94,0.102,0.095,4.41,0.104,0.0,0.0,0.0,0.0,disable,zero
M0534,S2,20260870782964,132,9.04,149.6,enable,76.6,lat lon psi v,naive,0.0,0.0,0.0,5.19,4.58,0.099,0.108,5.52,0.112,0.0,0.0,0.0,0.0,disable,zero
M0535,S2,20260870782965,58,8.5,203.9,enable,106.0,lat lon psi v,naive,0.0,0.0,0.0,4.05,4.86,0.101,0.119,4.43,0.095,0.0,0.0,0.0,0.0,disable,zero
M0536,S2,20260870782966,96,7.1,263.5,enable,95.8,lat lon psi v,naive,0.0,0.0,0.0,5.73,5.38,0.098,0.112,4.45,0.084,0.0,0.0,0.0,0.0,disable,zero
M0537,S2,20260870782967,136,8.81,234.8,enable,113.5,lat lon psi v,naive,0.0,0.0,0.0,4.5,5.89,0.092,0.084,5.52,0.087,0.0,0.0,0.0,0.0,disable,zero
M0538,S2,20260870782968,91,9.24,61.7,enable,28.6,lat lon psi v,naive,0.0,0.0,0.0,5.44,4.62,0.087,0.091,4.31,0.092,0.0,0.0,0.0,0.0,disable,zero
M0539,S2,20260870782969,117,6.01,145.9,enable,52.8,lat lon psi v,naive,0.0,0.0,0.0,4.5,5.96,0.083,0.117,4.96,0.112,0.0,0.0,0.0,0.0,disable,zero
M0540,S2,20260870782970,119,7.81,92.5,enable,56.5,lat lon psi v,naive,0.0,0.0,0.0,4.85,5.88,0.112,0.085,5.97,0.08,0.0,0.0,0.0,0.0,disable,zero
M0541,S2,20260870782971,97,9.03,217.4,enable,139.5,lat lon psi v,naive,0.0,0.0,0.0,4.03,5.3,0.088,0.081,4.48,0.097,0.0,0.0,0.0,0.0,disable,zero
M0542,S2,20260870782972,87,8.25,178.0,enable,73.4,lat lon psi v,naive,0.0,0.0,0.0,5.87,5.63,0.117,0.089,5.59,0.102,0.0,0.0,0.0,0.0,disable,zero
M0543,S2,20260870782973,60,9.72,186.2,enable,106.0,lat lon psi v,naive,0.0,0.0,0.0,4.67,5.25,0.113,0.105,4.45,0.096,0.0,0.0,0.0,0.0,disable,zero
M0544,S2,20260870782974,95,7.68,214.3,enable,139.0,lat lon psi v,naive,0.0,0.0,0.0,5.55,4.3,0.115,0.097,4.2,0.095,0.0,0.0,0.0,0.0,disable,zero
M0545,S2,20260870782975,45,9.63,297.1,enable,164.6,lat lon psi v,naive,0.0,0.0,0.0,5.22,5.43,0.084,0.097,5.82,0.091,0.0,0.0,0.0,0.0,disable,zero
M0546,S2,20260870782976,81,9.87,193.6,enable,110.5,lat lon psi v,naive,0.0,0.0,0.0,4.23,5.35,0.093,0.088,4.71,0.101,0.0,0.0,0.0,0.0,disable,zero
M0547,S2,20260870782977,2,9.71,270.4,enable,116.4,lat lon psi v,naive,0.0,0.0,0.0,5.83,5.75,0.099,0.091,4.86,0.118,0.0,0.0,0.0,0.0,disable,zero
M0548,S2,20260870782978,63,6.53,262.5,enable,124.7,lat lon psi v,naive,0.0,0.0,0.0,5.53,4.55,0.104,0.113,4.48,0.088,0.0,0.0,0.0,0.0,disable,zero
M0549,S2,20260870782979,44,8.23,118.0,enable,75.4,lat lon psi v,naive,0.0,0.0,0.0,5.27,5.6,0.092,0.099,4.41,0.12,0.0,0.0,0.0,0.0,disable,zero
M0550,S2,20260870782980,129,7.51,281.3,enable,102.0,lat lon psi v,naive,0.0,0.0,0.0,4.16,4.02,0.112,0.107,4.46,0.108,0.0,0.0,0.0,0.0,disable,zero
M0551,S2,20260870782981,133,7.11,151.3,enable,53.2,lat lon psi v,naive,0.0,0.0,0.0,4.46,5.51,0.089,0.119,5.38,0.112,0.0,0.0,0.0,0.0,disable,zero
M0552,S2,20260870782982,33,6.05,183.5,enable,83.4,lat lon psi v,naive,0.0,0.0,0.0,4.86,5.19,0.098,0.092,5.35,0.084,0.0,0.0,0.0,0.0,disable,zero
M0553,S2,20260870782983,11,9.49,107.7,enable,38.3,lat lon psi v,naive,0.0,0.0,0.0,5.86,4.08,0.097,0.113,5.47,0.082,0.0,0.0,0.0,0.0,disable,zero
M0554,S2,20260870782984,14,7.8,248.5,enable,91.2,lat lon psi v,naive,0.0,0.0,0.0,5.72,4.17,0.092,0.085,5.1,0.102,0.0,0.0,0.0,0.0,disable,zero
M0555,S2,20260870782985,9,9.54,297.4,enable,140.4,lat lon psi v,naive,0.0,0.0,0.0,4.8,5.52,0.094,0.111,4.64,0.107,0.0,0.0,0.0,0.0,disable,zero
M0556,S2,20260870782986,150,8.79,105.2,enable,55.4,lat lon psi v,naive,0.0,0.0,0.0,4.96,5.33,0.102,0.09,5.95,0.086,0.0,0.0,0.0,0.0,disable,zero
M0557,S2,20260870782987,28,8.58,227.8,enable,138.2,lat lon psi v,naive,0.0,0.0,0.0,5.44,5.77,0.107,0.083,5.77,0.104,0.0,0.0,0.0,0.0,disable,zero
M0558,S2,20260870782988,45,9.52,246.1,enable,103.6,lat lon psi v,naive,0.0,0.0,0.0,5.02,5.4,0.081,0.085,4.14,0.101,0.0,0.0,0.0,0.0,disable,zero
M0559,S2,20260870782989,140,6.45,147.1,enable,80.3,lat lon psi v,naive,0.0,0.0,0.0,4.45,4.2,0.12,0.097,4.36,0.091,0.0,0.0,0.0,0.0,disable,zero
M0560,S2,20260870782990,110,7.97,188.4,enable,81.1,lat lon psi v,naive,0.0,0.0,0.0,4.5,5.98,0.087,0.082,4.04,0.095,0.0,0.0,0.0,0.0,disable,zero
M0561,S2,20260870782991,142,8.49,246.0,enable,117.8,lat lon psi v,naive,0.0,0.0,0.0,4.35,4.14,0.111,0.091,5.89,0.101,0.0,0.0,0.0,0.0,disable,zero
M0562,S2,20260870782992,103,7.51,167.2,enable,71.0,lat lon psi v,naive,0.0,0.0,0.0,4.36,4.39,0.087,0.081,4.68,0.099,0.0,0.0,0.0,0.0,disable,zero
M0563,S2,20260870782993,154,8.05,148.6,enable,62.1,lat lon psi v,naive,0.0,0.0,0.0,5.04,5.53,0.113,0.104,5.54,0.095,0.0,0.0,0.0,0.0,disable,zero
M0564,S2,20260870782994,35,9.99,244.9,enable,126.9,lat lon psi v,naive,0.0,0.0,0.0,4.74,4.88,0.115,0.086,5.14,0.112,0.0,0.0,0.0,0.0,disable,zero
M0565,S2,20260870782995,38,9.71,177.6,enable,73.2,lat lon psi v,naive,0.0,0.0,0.0,4.72,5.55,0.113,0.099,5.54,0.119,0.0,0.0,0.0,0.0,disable,zero
M0566,S2,20260870782996,131,9.63,223.6,enable,120.6,lat lon psi v,naive,0.0,0.0,0.0,5.72,4.62,0.081,0.098,4.78,0.084,0.0,0.0,0.0,0.0,disable,zero
M0567,S2,20260870782997,62,7.3,285.4,enable,177.1,lat lon psi v,naive,0.0,0.0,0.0,4.07,4.65,0.083,0.085,5.18,0.118,0.0,0.0,0.0,0.0,disable,zero
M0568,S2,20260870782998,40,8.31,238.1,enable,98.0,lat lon psi v,naive,0.0,0.0,0.0,5.09,5.05,0.101,0.102,5.27,0.085,0.0,0.0,0.0,0.0,disable,zero
M0569,S2,20260870782999,129,6.53,141.4,enable,77.0,lat lon psi v,naive,0.0,0.0,0.0,5.97,4.44,0.11,0.11,4.57,0.1,0.0,0.0,0.0,0.0,disable,zero
M0570,S2,20260870783000,1,9.87,68.1,enable,34.5,lat lon psi v,naive,0.0,0.0,0.0,4.75,5.82,0.101,0.095,5.11,0.083,0.0,0.0,0.0,0.0,disable,zero
M0571,S2,20260870783001,133,9.16,203.1,enable,127.3,lat lon psi v,naive,0.0,0.0,0.0,4.15,4.49,0.092,0.081,4.83,0.108,0.0,0.0,0.0,0.0,disable,zero
M0572,S2,20260870783002,86,9.22,104.6,enable,66.1,lat lon psi v,naive,0.0,0.0,0.0,6.0,5.14,0.099,0.086,4.75,0.11,0.0,0.0,0.0,0.0,disable,zero
M0573,S2,20260870783003,66,7.46,74.8,enable,26.9,lat lon psi v,naive,0.0,0.0,0.0,5.14,5.34,0.085,0.118,5.54,0.088,0.0,0.0,0.0,0.0,disable,zero
M0574,S2,20260870783004,125,8.31,222.0,enable,126.1,lat lon psi v,naive,0.0,0.0,0.0,4.76,5.44,0.089,0.087,5.6,0.086,0.0,0.0,0.0,0.0,disable,zero
M0575,S2,20260870783005,12,6.73,77.2,enable,31.8,lat lon psi v,naive,0.0,0.0,0.0,5.77,4.7,0.093,0.08,5.96,0.108,0.0,0.0,0.0,0.0,disable,zero
M0576,S2,20260870783006,57,9.23,298.9,enable,172.0,lat lon psi v,naive,0.0,0.0,0.0,5.98,5.95,0.081,0.101,5.63,0.119,0.0,0.0,0.0,0.0,disable,zero
M0577,S2,20260870783007,91,7.43,188.7,enable,86.6,lat lon psi v,naive,0.0,0.0,0.0,5.81,5.06,0.099,0.103,5.48,0.108,0.0,0.0,0.0,0.0,disable,zero
M0578,S2,20260870783008,16,7.46,190.6,enable,108.0,lat lon psi v,naive,0.0,0.0,0.0,4.11,4.25,0.114,0.096,4.87,0.108,0.0,0.0,0.0,0.0,disable,zero
M0579,S2,20260870783009,5,6.92,131.7,enable,50.2,lat lon psi v,naive,0.0,0.0,0.0,5.29,5.44,0.094,0.119,4.42,0.106,0.0,0.0,0.0,0.0,disable,zero
M0580,S2,20260870783010,30,6.63,226.1,enable,84.0,lat lon psi v,naive,0.0,0.0,0.0,5.88,5.07,0.104,0.103,5.53,0.089,0.0,0.0,0.0,0.0,disable,zero
M0581,S2,20260870783011,27,8.04,240.7,enable,94.6,lat lon psi v,naive,0.0,0.0,0.0,5.86,5.18,0.091,0.084,5.16,0.117,0.0,0.0,0.0,0.0,disable,zero
M0582,S2,20260870783012,14,8.36,95.8,enable,54.0,lat lon psi v,naive,0.0,0.0,0.0,4.73,4.84,0.113,0.114,5.38,0.09,0.0,0.0,0.0,0.0,disable,zero
M0583,S2,20260870783013,33,6.11,202.8,enable,84.8,lat lon psi v,naive,0.0,0.0,0.0,5.9,5.09,0.098,0.095,4.31,0.086,0.0,0.0,0.0,0.0,disable,zero
M0584,S2,20260870783014,149,9.03,193.8,enable,89.9,lat lon psi v,naive,0.0,0.0,0.0,4.16,4.29,0.095,0.089,5.87,0.082,0.0,0.0,0.0,0.0,disable,zero
M0585,S2,20260870783015,78,8.77,119.0,enable,51.7,lat lon psi v,naive,0.0,0.0,0.0,4.67,5.86,0.083,0.102,5.18,0.119,0.0,0.0,0.0,0.0,disable,zero
M0586,S2,20260870783016,18,9.71,180.0,enable,115.5,lat lon psi v,naive,0.0,0.0,0.0,5.13,4.48,0.119,0.113,4.22,0.114,0.0,0.0,0.0,0.0,disable,zero
M0587,S2,20260870783017,76,8.19,238.9,enable,121.0,lat lon psi v,naive,0.0,0.0,0.0,4.83,5.08,0.106,0.112,4.94,0.111,0.0,0.0,0.0,0.0,disable,zero
M0588,S2,20260870783018,75,6.19,135.9,enable,68.8,lat lon psi v,naive,0.0,0.0,0.0,4.15,5.7,0.109,0.098,5.21,0.081,0.0,0.0,0.0,0.0,disable,zero
M0589,S2,20260870783019,79,8.32,285.0,enable,156.1,lat lon psi v,naive,0.0,0.0,0.0,4.35,5.88,0.104,0.085,5.89,0.1,0.0,0.0,0.0,0.0,disable,zero
M0590,S2,20260870783020,4,9.22,140.9,enable,86.8,lat lon psi v,naive,0.0,0.0,0.0,5.91,5.47,0.088,0.115,5.01,0.115,0.0,0.0,0.0,0.0,disable,zero
M0591,S2,20260870783021,43,6.3,298.7,enable,140.8,lat lon psi v,naive,0.0,0.0,0.0,4.82,4.29,0.106,0.09,5.34,0.119,0.0,0.0,0.0,0.0,disable,zero
M0592,S2,20260870783022,103,7.95,214.5,enable,78.0,lat lon psi v,naive,0.0,0.0,0.0,5.04,5.53,0.097,0.115,4.26,0.102,0.0,0.0,0.0,0.0,disable,zero
M0593,S2,20260870783023,79,8.45,171.6,enable,61.6,lat lon psi v,naive,0.0,0.0,0.0,4.73,5.53,0.087,0.093,5.8,0.09,0.0,0.0,0.0,0.0,disable,zero
M0594,S2,20260870783024,137,6.44,272.0,enable,119.7,lat lon psi v,naive,0.0,0.0,0.0,5.03,4.91,0.103,0.101,4.82,0.085,0.0,0.0,0.0,0.0,disable,zero
M0595,S2,20260870783025,74,9.92,222.4,enable,119.3,lat lon psi v,naive,0.0,0.0,0.0,5.62,5.7,0.087,0.113,5.1,0.091,0.0,0.0,0.0,0.0,disable,zero
M0596,S2,20260870783026,150,9.92,219.5,enable,142.1,lat lon psi v,naive,0.0,0.0,0.0,4.13,5.43,0.089,0.111,4.32,0.086,0.0,0.0,0.0,0.0,disable,zero
M0597,S2,20260870783027,26,6.78,136.9,enable,49.0,lat lon psi v,naive,0.0,0.0,0.0,4.11,4.74,0.087,0.095,5.8,0.081,0.0,0.0,0.0,0.0,disable,zero
M0598,S2,20260870783028,153,9.08,266.7,enable,99.2,lat lon psi v,naive,0.0,0.0,0.0,4.01,4.42,0.113,0.081,5.91,0.083,0.0,0.0,0.0,0.0,disable,zero
M0599,S2,20260870783029,81,8.53,133.1,enable,70.6,lat lon psi v,naive,0.0,0.0,0.0,4.44,5.99,0.112,0.094,5.5,0.098,0.0,0.0,0.0,0.0,disable,zero
M0600,S3,20260870783030,40,9.91,167.1,enable,138.1,acc_x gyro_z v,naive,0.0,0.0,0.0,,,0.0,0.0,0.0,0.0,0.0,0.0,0.64,5.87,zero,disable
M0601,S3,20260870783031,26,7.49,85.7,enable,74.0,acc_x gyro_z v,naive,0.0,0.0,0.0,,,0.0,0.0,0.0,0.0,0.0,0.0,0.95,6.76,zero,disable
M0602,S3,20260870783032,19,6.75,288.3,enable,258.3,acc_x gyro_z v,naive,0.0,0.0,0.0,,,0.0,0.0,0.0,0.0,0.0,0.0,0.44,4.0,freeze,disable
M0603,S3,20260870783033,15,7.58,89.2,enable,74.5,acc_x gyro_z v,naive,0.0,0.0,0.0,,,0.0,0.0,0.0,0.0,0.0,0.0,1.23,7.11,freeze,disable
M0604,S3,20260870783034,110,9.67,144.3,enable,112.6,acc_x gyro_z v,naive,0.0,0.0,0.0,,,0.0,0.0,0.0,0.0,0.0,0.0,0.82,4.29,freeze,disable
M0605,S3,20260870783035,23,7.0,283.8,enable,233.9,acc_x gyro_z v,naive,0.0,0.0,0.0,,,0.0,0.0,0.0,0.0,0.0,0.0,0.42,5.71,zero,disable
M0606,S3,20260870783036,110,9.47,256.2,enable,222.6,acc_x gyro_z v,naive,0.0,0.0,0.0,,,0.0,0.0,0.0,0.0,0.0,0.0,0.81,5.96,freeze,disable
M0607,S3,20260870783037,32,9.23,257.2,enable,205.3,acc_x gyro_z v,naive,0.0,0.0,0.0,,,0.0,0.0,0.0,0.0,0.0,0.0,0.75,3.54,freeze,disable
M0608,S3,20260870783038,62,9.82,188.1,enable,161.6,acc_x gyro_z v,naive,0.0,0.0,0.0,,,0.0,0.0,0.0,0.0,0.0,0.0,0.47,3.78,freeze,disable
M0609,S3,20260870783039,103,6.84,150.3,enable,122.5,acc_x gyro_z v,naive,0.0,0.0,0.0,,,0.0,0.0,0.0,0.0,0.0,0.0,1.59,4.33,zero,disable
M0610,S3,20260870783040,153,6.97,269.0,enable,226.7,acc_x gyro_z v,naive,0.0,0.0,0.0,,,0.0,0.0,0.0,0.0,0.0,0.0,1.32,5.66,freeze,disable
M0611,S3,20260870783041,87,7.97,149.7,enable,113.4,acc_x gyro_z v,naive,0.0,0.0,0.0,,,0.0,0.0,0.0,0.0,0.0,0.0,0.79,6.95,zero,disable
M0612,S3,20260870783042,19,7.85,252.7,enable,216.7,acc_x gyro_z v,naive,0.0,0.0,0.0,,,0.0,0.0,0.0,0.0,0.0,0.0,0.64,4.17,zero,disable
M0613,S3,20260870783043,86,8.26,119.7,enable,89.1,acc_x gyro_z v,naive,0.0,0.0,0.0,,,0.0,0.0,0.0,0.0,0.0,0.0,0.43,6.89,freeze,disable
M0614,S3,20260870783044,106,8.99,291.6,enable,212.5,acc_x gyro_z v,naive,0.0,0.0,0.0,,,0.0,0.0,0.0,0.0,0.0,0.0,1.16,7.15,freeze,disable
M0615,S3,20260870783045,28,7.65,120.9,enable,89.4,acc_x gyro_z v,naive,0.0,0.0,0.0,,,0.0,0.0,0.0,0.0,0.0,0.0,1.2,6.04,freeze,disable
M0616,S3,20260870783046,134,7.96,78.9,enable,58.3,acc_x gyro_z v,naive,0.0,0.0,0.0,,,0.0,0.0,0.0,0.0,0.0,0.0,0.79,7.6,freeze,disable
M0617,S3,20260870783047,27,9.04,142.6,enable,110.4,acc_x gyro_z v,naive,0.0,0.0,0.0,,,0.0,0.0,0.0,0.0,0.0,0.0,1.47,5.24,freeze,disable
M0618,S3,20260870783048,99,8.42,72.2,enable,61.8,acc_x gyro_z v,naive,0.0,0.0,0.0,,,0.0,0.0,0.0,0.0,0.0,0.0,0.41,7.77,freeze,disable
M0619,S3,20260870783049,115,8.69,230.8,enable,190.3,acc_x gyro_z v,naive,0.0,0.0,0.0,,,0.0,0.0,0.0,0.0,0.0,0.0,1.17,3.64,freeze,disable
M0620,S3,20260870783050,44,8.0,111.6,enable,100.2,acc_x gyro_z v,naive,0.0,0.0,0.0,,,0.0,0.0,0.0,0.0,0.0,0.0,1.74,5.02,freeze,disable
M0621,S3,20260870783051,113,9.16,258.2,enable,185.1,acc_x gyro_z v,naive,0.0,0.0,0.0,,,0.0,0.0,0.0,0.0,0.0,0.0,1.03,4.31,freeze,disable
M0622,S3,20260870783052,83,7.01,249.4,enable,218.6,acc_x gyro_z v,naive,0.0,0.0,0.0,,,0.0,0.0,0.0,0.0,0.0,0.0,1.43,5.53,freeze,disable
M0623,S3,20260870783053,147,7.22,82.7,enable,72.6,acc_x gyro_z v,naive,0.0,0.0,0.0,,,0.0,0.0,0.0,0.0,0.0,0.0,1.56,7.29,freeze,disable
M0624,S3,20260870783054,12,6.8,287.9,enable,241.7,acc_x gyro_z v,naive,0.0,0.0,0.0,,,0.0,0.0,0.0,0.0,0.0,0.0,1.19,3.61,zero,disable
M0625,S3,20260870783055,109,7.97,123.7,enable,107.7,acc_x gyro_z v,naive,0.0,0.0,0.0,,,0.0,0.0,0.0,0.0,0.0,0.0,1.41,7.24,zero,disable
M0626,S3,20260870783056,117,6.78,243.6,enable,190.1,acc_x gyro_z v,naive,0.0,0.0,0.0,,,0.0,0.0,0.0,0.0,0.0,0.0,1.68,2.83,freeze,disable
M0627,S3,20260870783057,15,9.24,141.5,enable,108.3,acc_x gyro_z v,naive,0.0,0.0,0.0,,,0.0,0.0,0.0,0.0,0.0,0.0,1.76,7.57,zero,disable
M0628,S3,20260870783058,116,8.08,258.6,enable,202.0,acc_x gyro_z v,naive,0.0,0.0,0.0,,,0.0,0.0,0.0,0.0,0.0,0.0,1.77,5.53,freeze,disable
M0629,S3,20260870783059,83,7.97,190.7,enable,149.7,acc_x gyro_z v,naive,0.0,0.0,0.0,,,0.0,0.0,0.0,0.0,0.0,0.0,1.79,2.61,freeze,disable
M0630,S3,20260870783060,39,8.04,192.9,enable,147.8,acc_x gyro_z v,naive,0.0,0.0,0.0,,,0.0,0.0,0.0,0.0,0.0,0.0,1.47,4.14,zero,disable
M0631,S3,20260870783061,137,6.95,128.8,enable,115.7,acc_x gyro_z v,naive,0.0,0.0,0.0,,,0.0,0.0,0.0,0.0,0.0,0.0,1.03,6.63,freeze,disable
M0632,S3,20260870783062,86,8.77,140.0,enable,104.7,acc_x gyro_z v,naive,0.0,0.0,0.0,,,0.0,0.0,0.0,0.0,0.0,0.0,0.77,8.0,freeze,disable
M0633,S3,20260870783063,115,8.98,205.1,enable,146.9,acc_x gyro_z v,naive,0.0,0.0,0.0,,,0.0,0.0,0.0,0.0,0.0,0.0,1.33,2.74,zero,disable
M0634,S3,20260870783064,105,8.89,231.8,enable,169.8,acc_x gyro_z v,naive,0.0,0.0,0.0,,,0.0,0.0,0.0,0.0,0.0,0.0,0.63,7.41,zero,disable
M0635,S3,20260870783065,118,9.73,294.9,enable,265.3,acc_x gyro_z v,naive,0.0,0.0,0.0,,,0.0,0.0,0.0,0.0,0.0,0.0,1.77,4.94,zero,disable
M0636,S3,20260870783066,21,8.38,86.6,enable,62.8,acc_x gyro_z v,naive,0.0,0.0,0.0,,,0.0,0.0,0.0,0.0,0.0,0.0,1.08,6.5,zero,disable
M0637,S3,20260870783067,100,6.36,158.5,enable,126.7,acc_x gyro_z v,naive,0.0,0.0,0.0,,,0.0,0.0,0.0,0.0,0.0,0.0,0.54,2.05,zero,disable
M0638,S3,20260870783068,101,7.86,127.2,enable,99.0,acc_x gyro_z v,naive,0.0,0.0,0.0,,,0.0,0.0,0.0,0.0,0.0,0.0,1.72,7.6,zero,disable
M0639,S3,20260870783069,105,8.4,67.1,enable,53.1,acc_x gyro_z v,naive,0.0,0.0,0.0,,,0.0,0.0,0.0,0.0,0.0,0.0,1.67,6.78,freeze,disable
M0640,S3,20260870783070,46,6.18,229.5,enable,201.7,acc_x gyro_z v,naive,0.0,0.0,0.0,,,0.0,0.0,0.0,0.0,0.0,0.0,1.01,3.55,freeze,disable
M0641,S3,20260870783071,50,8.5,205.4,enable,157.0,acc_x gyro_z v,naive,0.0,0.0,0.0,,,0.0,0.0,0.0,0.0,0.0,0.0,1.47,2.43,zero,disable
M0642,S3,20260870783072,49,9.47,198.8,enable,147.1,acc_x gyro_z v,naive,0.0,0.0,0.0,,,0.0,0.0,0.0,0.0,0.0,0.0,1.62,3.43,zero,disable
M0643,S3,20260870783073,0,6.9,262.8,enable,236.0,acc_x gyro_z v,naive,0.0,0.0,0.0,,,0.0,0.0,0.0,0.0,0.0,0.0,0.75,7.47,freeze,disable
M0644,S3,20260870783074,66,7.08,232.4,enable,164.6,acc_x gyro_z v,naive,0.0,0.0,0.0,,,0.0,0.0,0.0,0.0,0.0,0.0,0.42,3.95,freeze,disable
M0645,S3,20260870783075,117,9.24,166.0,enable,122.1,acc_x gyro_z v,naive,0.0,0.0,0.0,,,0.0,0.0,0.0,0.0,0.0,0.0,0.85,3.84,zero,disable
M0646,S3,20260870783076,121,8.0,274.5,enable,240.3,acc_x gyro_z v,naive,0.0,0.0,0.0,,,0.0,0.0,0.0,0.0,0.0,0.0,1.13,6.65,zero,disable
M0647,S3,20260870783077,134,9.68,94.5,enable,82.9,acc_x gyro_z v,naive,0.0,0.0,0.0,,,0.0,0.0,0.0,0.0,0.0,0.0,1.23,6.02,zero,disable
M0648,S3,20260870783078,69,6.79,297.3,enable,218.3,acc_x gyro_z v,naive,0.0,0.0,0.0,,,0.0,0.0,0.0,0.0,0.0,0.0,1.34,2.0,zero,disable
M0649,S3,20260870783079,133,7.88,250.7,enable,220.6,acc_x gyro_z v,naive,0.0,0.0,0.0,,,0.0,0.0,0.0,0.0,0.0,0.0,0.89,5.67,zero,disable
M0650,S3,20260870783080,47,7.99,219.0,enable,167.1,acc_x gyro_z v,naive,0.0,0.0,0.0,,,0.0,0.0,0.0,0.0,0.0,0.0,1.33,5.25,freeze,disable
M0651,S3,20260870783081,96,9.95,87.4,enable,64.7,acc_x gyro_z v,naive,0.0,0.0,0.0,,,0.0,0.0,0.0,0.0,0.0,0.0,0.9,5.6,zero,disable
M0652,S3,20260870783082,118,6.91,171.3,enable,147.1,acc_x gyro_z v,naive,0.0,0.0,0.0,,,0.0,0.0,0.0,0.0,0.0,0.0,0.76,4.3,freeze,disable
M0653,S3,20260870783083,4,7.78,298.4,enable,228.2,acc_x gyro_z v,naive,0.0,0.0,0.0,,,0.0,0.0,0.0,0.0,0.0,0.0,1.64,2.57,zero,disable
M0654,S3,20260870783084,23,8.57,178.6,enable,157.4,acc_x gyro_z v,naive,0.0,0.0,0.0,,,0.0,0.0,0.0,0.0,0.0,0.0,1.27,7.86,zero,disable
M0655,S3,20260870783085,125,9.49,95.2,enable,84.6,acc_x gyro_z v,naive,0.0,0.0,0.0,,,0.0,0.0,0.0,0.0,0.0,0.0,0.5,6.83,zero,disable
M0656,S3,20260870783086,74,8.92,213.3,enable,178.3,acc_x gyro_z v,naive,0.0,0.0,0.0,,,0.0,0.0,0.0,0.0,0.0,0.0,0.79,2.4,zero,disable
M0657,S3,20260870783087,48,7.95,191.4,enable,138.0,acc_x gyro_z v,naive,0.0,0.0,0.0,,,0.0,0.0,0.0,0.0,0.0,0.0,0.77,6.06,freeze,disable
M0658,S3,20260870783088,134,8.62,267.6,enable,240.1,acc_x gyro_z v,naive,0.0,0.0,0.0,,,0.0,0.0,0.0,0.0,0.0,0.0,0.67,5.03,zero,disable
M0659,S3,20260870783089,78,9.27,222.5,enable,164.3,acc_x gyro_z v,naive,0.0,0.0,0.0,,,0.0,0.0,0.0,0.0,0.0,0.0,1.34,4.81,zero,disable
M0660,S3,20260870783090,117,7.31,165.9,enable,130.2,acc_x gyro_z v,naive,0.0,0.0,0.0,,,0.0,0.0,0.0,0.0,0.0,0.0,1.79,3.46,freeze,disable
M0661,S3,20260870783091,47,7.48,221.7,enable,176.3,acc_x gyro_z v,naive,0.0,0.0,0.0,,,0.0,0.0,0.0,0.0,0.0,0.0,1.69,5.92,freeze,disable
M0662,S3,20260870783092,89,9.78,166.1,enable,126.6,acc_x gyro_z v,naive,0.0,0.0,0.0,,,0.0,0.0,0.0,0.0,0.0,0.0,1.62,2.91,freeze,disable
M0663,S3,20260870783093,64,8.39,81.6,enable,65.8,acc_x gyro_z v,naive,0.0,0.0,0.0,,,0.0,0.0,0.0,0.0,0.0,0.0,0.52,7.08,zero,disable
M0664,S3,20260870783094,49,9.07,113.6,enable,86.5,acc_x gyro_z v,naive,0.0,0.0,0.0,,,0.0,0.0,0.0,0.0,0.0,0.0,1.17,6.44,freeze,disable
M0665,S3,20260870783095,11,9.69,183.7,enable,138.0,acc_x gyro_z v,naive,0.0,0.0,0.0,,,0.0,0.0,0.0,0.0,0.0,0.0,1.19,4.16,zero,disable
M0666,S3,20260870783096,25,7.19,68.8,enable,52.1,acc_x gyro_z v,naive,0.0,0.0,0.0,,,0.0,0.0,0.0,0.0,0.0,0.0,0.99,2.52,freeze,disable
M0667,S3,20260870783097,76,9.59,289.9,enable,213.8,acc_x gyro_z v,naive,0.0,0.0,0.0,,,0.0,0.0,0.0,0.0,0.0,0.0,0.56,5.99,zero,disable
M0668,S3,20260870783098,44,9.2,189.6,enable,168.8,acc_x gyro_z v,naive,0.0,0.0,0.0,,,0.0,0.0,0.0,0.0,0.0,0.0,1.19,7.97,zero,disable
M0669,S3,20260870783099,99,8.19,78.4,enable,56.5,acc_x gyro_z v,naive,0.0,0.0,0.0,,,0.0,0.0,0.0,0.0,0.0,0.0,1.21,7.44,freeze,disable
M0670,S3,20260870783100,16,6.76,142.0,enable,111.0,acc_x gyro_z v,naive,0.0,0.0,0.0,,,0.0,0.0,0.0,0.0,0.0,0.0,0.86,6.63,zero,disable
M0671,S3,20260870783101,87,8.71,100.2,enable,87.0,acc_x gyro_z v,naive,0.0,0.0,0.0,,,0.0,0.0,0.0,0.0,0.0,0.0,0.97,7.7,freeze,disable
M0672,S3,20260870783102,152,7.52,132.8,enable,97.1,acc_x gyro_z v,naive,0.0,0.0,0.0,,,0.0,0.0,0.0,0.0,0.0,0.0,0.82,4.95,zero,disable
M0673,S3,20260870783103,123,8.36,232.5,enable,200.1,acc_x gyro_z v,naive,0.0,0.0,0.0,,,0.0,0.0,0.0,0.0,0.0,0.0,1.45,5.26,freeze,disable
M0674,S3,20260870783104,35,6.62,231.0,enable,162.3,acc_x gyro_z v,naive,0.0,0.0,0.0,,,0.0,0.0,0.0,0.0,0.0,0.0,0.57,6.16,zero,disable
M0675,S3,20260870783105,10,9.98,151.2,enable,127.7,acc_x gyro_z v,naive,0.0,0.0,0.0,,,0.0,0.0,0.0,0.0,0.0,0.0,0.9,7.11,freeze,disable
M0676,S3,20260870783106,66,6.24,264.1,enable,199.6,acc_x gyro_z v,naive,0.0,0.0,0.0,,,0.0,0.0,0.0,0.0,0.0,0.0,1.47,2.74,freeze,disable
M0677,S3,20260870783107,153,8.23,241.8,enable,206.5,acc_x gyro_z v,naive,0.0,0.0,0.0,,,0.0,0.0,0.0,0.0,0.0,0.0,1.72,6.26,freeze,disable
M0678,S3,20260870783108,113,7.63,293.6,enable,209.9,acc_x gyro_z v,naive,0.0,0.0,0.0,,,0.0,0.0,0.0,0.0,0.0,0.0,0.47,7.43,freeze,disable
M0679,S3,20260870783109,75,6.14,146.3,enable,103.0,acc_x gyro_z v,naive,0.0,0.0,0.0,,,0.0,0.0,0.0,0.0,0.0,0.0,0.74,5.42,freeze,disable
M0680,S3,20260870783110,92,9.86,278.3,enable,231.8,acc_x gyro_z v,naive,0.0,0.0,0.0,,,0.0,0.0,0.0,0.0,0.0,0.0,0.65,7.96,zero,disable
M0681,S3,20260870783111,5,6.11,169.1,enable,144.4,acc_x gyro_z v,naive,0.0,0.0,0.0,,,0.0,0.0,0.0,0.0,0.0,0.0,1.16,2.81,freeze,disable
M0682,S3,20260870783112,49,8.3,291.3,enable,235.0,acc_x gyro_z v,naive,0.0,0.0,0.0,,,0.0,0.0,0.0,0.0,0.0,0.0,1.26,7.45,zero,disable
M0683,S3,20260870783113,53,6.74,95.5,enable,72.3,acc_x gyro_z v,naive,0.0,0.0,0.0,,,0.0,0.0,0.0,0.0,0.0,0.0,0.69,7.51,freeze,disable
M0684,S3,20260870783114,126,8.07,272.2,enable,239.4,acc_x gyro_z v,naive,0.0,0.0,0.0,,,0.0,0.0,0.0,0.0,0.0,0.0,1.2,4.98,freeze,disable
M0685,S3,20260870783115,108,8.23,119.1,enable,83.7,acc_x gyro_z v,naive,0.0,0.0,0.0,,,0.0,0.0,0.0,0.0,0.0,0.0,0.92,6.88,zero,disable
M0686,S3,20260870783116,146,9.74,113.6,enable,84.5,acc_x gyro_z v,naive,0.0,0.0,0.0,,,0.0,0.0,0.0,0.0,0.0,0.0,1.47,3.97,freeze,disable
M0687,S3,20260870783117,52,8.18,187.9,enable,141.2,acc_x gyro_z v,naive,0.0,0.0,0.0,,,0.0,0.0,0.0,0.0,0.0,0.0,1.25,2.05,freeze,disable
M0688,S3,20260870783118,117,6.83,148.4,enable,115.0,acc_x gyro_z v,naive,0.0,0.0,0.0,,,0.0,0.0,0.0,0.0,0.0,0.0,0.56,2.92,freeze,disable
M0689,S3,20260870783119,50,9.8,103.9,enable,74.4,acc_x gyro_z v,naive,0.0,0.0,0.0,,,0.0,0.0,0.0,0.0,0.0,0.0,0.68,2.9,zero,disable
M0690,S3,20260870783120,103,6.09,283.1,enable,248.1,acc_x gyro_z v,naive,0.0,0.0,0.0,,,0.0,0.0,0.0,0.0,0.0,0.0,0.63,5.76,zero,disable
M0691,S3,20260870783121,12,6.81,295.5,enable,231.1,acc_x gyro_z v,naive,0.0,0.0,0.0,,,0.0,0.0,0.0,0.0,0.0,0.0,1.68,7.28,zero,disable
M0692,S3,20260870783122,112,9.58,66.0,enable,51.4,acc_x gyro_z v,naive,0.0,0.0,0.0,,,0.0,0.0,0.0,0.0,0.0,0.0,1.66,4.92,zero,disable
M0693,S3,20260870783123,28,6.97,276.2,enable,193.6,acc_x gyro_z v,naive,0.0,0.0,0.0,,,0.0,0.0,0.0,0.0,0.0,0.0,0.86,7.38,freeze,disable
M0694,S3,20260870783124,62,9.6,106.3,enable,87.8,acc_x gyro_z v,naive,0.0,0.0,0.0,,,0.0,0.0,0.0,0.0,0.0,0.0,1.32,2.26,freeze,disable
M0695,S3,20260870783125,42,6.08,193.7,enable,167.5,acc_x gyro_z v,naive,0.0,0.0,0.0,,,0.0,0.0,0.0,0.0,0.0,0.0,1.38,5.02,zero,disable
M0696,S3,20260870783126,31,8.88,200.9,enable,179.1,acc_x gyro_z v,naive,0.0,0.0,0.0,,,0.0,0.0,0.0,0.0,0.0,0.0,1.51,3.3,zero,disable
M0697,S3,20260870783127,78,9.88,268.5,enable,217.5,acc_x gyro_z v,naive,0.0,0.0,0.0,,,0.0,0.0,0.0,0.0,0.0,0.0,1.01,5.48,freeze,disable
M0698,S3,20260870783128,50,9.74,295.5,enable,219.6,acc_x gyro_z v,naive,0.0,0.0,0.0,,,0.0,0.0,0.0,0.0,0.0,0.0,0.98,3.38,zero,disable
M0699,S3,20260870783129,18,9.03,156.8,enable,141.1,acc_x gyro_z v,naive,0.0,0.0,0.0,,,0.0,0.0,0.0,0.0,0.0,0.0,1.49,2.43,freeze,disable
M0700,S3,20260870783130,142,8.58,211.5,enable,167.5,acc_x gyro_z v,naive,0.0,0.0,0.0,,,0.0,0.0,0.0,0.0,0.0,0.0,1.33,3.8,zero,disable
M0701,S3,20260870783131,94,8.76,100.2,enable,74.5,acc_x gyro_z v,naive,0.0,0.0,0.0,,,0.0,0.0,0.0,0.0,0.0,0.0,1.07,3.57,freeze,disable
M0702,S3,20260870783132,132,6.44,190.8,enable,139.0,acc_x gyro_z v,naive,0.0,0.0,0.0,,,0.0,0.0,0.0,0.0,0.0,0.0,1.03,5.9,zero,disable
M0703,S3,20260870783133,24,8.78,278.6,enable,215.0,acc_x gyro_z v,naive,0.0,0.0,0.0,,,0.0,0.0,0.0,0.0,0.0,0.0,1.19,4.78,freeze,disable
M0704,S3,20260870783134,99,8.46,207.2,enable,145.9,acc_x gyro_z v,naive,0.0,0.0,0.0,,,0.0,0.0,0.0,0.0,0.0,0.0,1.79,7.95,zero,disable
M0705,S3,20260870783135,51,6.6,206.1,enable,162.4,acc_x gyro_z v,naive,0.0,0.0,0.0,,,0.0,0.0,0.0,0.0,0.0,0.0,1.52,4.54,freeze,disable
M0706,S3,20260870783136,42,7.63,80.7,enable,61.2,acc_x gyro_z v,naive,0.0,0.0,0.0,,,0.0,0.0,0.0,0.0,0.0,0.0,0.96,4.94,zero,disable
M0707,S3,20260870783137,114,7.12,170.3,enable,138.4,acc_x gyro_z v,naive,0.0,0.0,0.0,,,0.0,0.0,0.0,0.0,0.0,0.0,0.81,3.48,zero,disable
M0708,S3,20260870783138,23,8.99,299.5,enable,231.9,acc_x gyro_z v,naive,0.0,0.0,0.0,,,0.0,0.0,0.0,0.0,0.0,0.0,1.26,5.15,zero,disable
M0709,S3,20260870783139,106,9.64,266.9,enable,230.8,acc_x gyro_z v,naive,0.0,0.0,0.0,,,0.0,0.0,0.0,0.0,0.0,0.0,1.03,5.25,zero,disable
M0710,S3,20260870783140,106,9.36,280.8,enable,229.4,acc_x gyro_z v,naive,0.0,0.0,0.0,,,0.0,0.0,0.0,0.0,0.0,0.0,1.58,4.59,zero,disable
M0711,S3,20260870783141,139,6.36,179.3,enable,151.9,acc_x gyro_z v,naive,0.0,0.0,0.0,,,0.0,0.0,0.0,0.0,0.0,0.0,0.55,6.24,zero,disable
M0712,S3,20260870783142,57,8.66,95.8,enable,72.6,acc_x gyro_z v,naive,0.0,0.0,0.0,,,0.0,0.0,0.0,0.0,0.0,0.0,0.92,7.47,freeze,disable
M0713,S3,20260870783143,1,7.85,81.4,enable,57.7,acc_x gyro_z v,naive,0.0,0.0,0.0,,,0.0,0.0,0.0,0.0,0.0,0.0,1.05,2.1,freeze,disable
M0714,S3,20260870783144,63,6.3,68.2,enable,61.3,acc_x gyro_z v,naive,0.0,0.0,0.0,,,0.0,0.0,0.0,0.0,0.0,0.0,1.55,7.76,zero,disable
M0715,S3,20260870783145,129,9.28,168.7,enable,124.2,acc_x gyro_z v,naive,0.0,0.0,0.0,,,0.0,0.0,0.0,0.0,0.0,0.0,0.46,7.67,freeze,disable
M0716,S3,20260870783146,72,8.34,142.0,enable,109.0,acc_x gyro_z v,naive,0.0,0.0,0.0,,,0.0,0.0,0.0,0.0,0.0,0.0,0.95,4.83,zero,disable
M0717,S3,20260870783147,12,8.44,62.1,enable,45.5,acc_x gyro_z v,naive,0.0,0.0,0.0,,,0.0,0.0,0.0,0.0,0.0,0.0,1.38,7.13,zero,disable
M0718,S3,20260870783148,94,8.29,160.1,enable,119.7,acc_x gyro_z v,naive,0.0,0.0,0.0,,,0.0,0.0,0.0,0.0,0.0,0.0,1.31,6.11,zero,disable
M0719,S3,20260870783149,64,9.27,265.5,enable,237.7,acc_x gyro_z v,naive,0.0,0.0,0.0,,,0.0,0.0,0.0,0.0,0.0,0.0,1.63,3.63,zero,disable
M0720,S3,20260870783150,34,8.43,152.7,enable,111.0,acc_x gyro_z v,naive,0.0,0.0,0.0,,,0.0,0.0,0.0,0.0,0.0,0.0,1.32,5.91,zero,disable
M0721,S3,20260870783151,138,7.02,209.9,enable,164.2,acc_x gyro_z v,naive,0.0,0.0,0.0,,,0.0,0.0,0.0,0.0,0.0,0.0,1.36,7.35,freeze,disable
M0722,S3,20260870783152,76,6.64,127.4,enable,101.2,acc_x gyro_z v,naive,0.0,0.0,0.0,,,0.0,0.0,0.0,0.0,0.0,0.0,0.62,6.72,zero,disable
M0723,S3,20260870783153,138,9.4,203.9,enable,177.1,acc_x gyro_z v,naive,0.0,0.0,0.0,,,0.0,0.0,0.0,0.0,0.0,0.0,0.51,2.15,zero,disable
M0724,S3,20260870783154,117,9.16,177.3,enable,126.9,acc_x gyro_z v,naive,0.0,0.0,0.0,,,0.0,0.0,0.0,0.0,0.0,0.0,0.75,5.41,freeze,disable
M0725,S3,20260870783155,28,9.25,174.5,enable,128.7,acc_x gyro_z v,naive,0.0,0.0,0.0,,,0.0,0.0,0.0,0.0,0.0,0.0,0.64,4.64,zero,disable
M0726,S3,20260870783156,122,9.93,117.9,enable,94.2,acc_x gyro_z v,naive,0.0,0.0,0.0,,,0.0,0.0,0.0,0.0,0.0,0.0,1.31,6.44,zero,disable
M0727,S3,20260870783157,9,8.2,246.9,enable,209.6,acc_x gyro_z v,naive,0.0,0.0,0.0,,,0.0,0.0,0.0,0.0,0.0,0.0,0.89,3.06,freeze,disable
M0728,S3,20260870783158,133,8.59,238.4,enable,192.7,acc_x gyro_z v,naive,0.0,0.0,0.0,,,0.0,0.0,0.0,0.0,0.0,0.0,1.52,7.3,zero,disable
M0729,S3,20260870783159,134,9.97,270.6,enable,212.9,acc_x gyro_z v,naive,0.0,0.0,0.0,,,0.0,0.0,0.0,0.0,0.0,0.0,0.48,5.05,freeze,disable
M0730,S3,20260870783160,91,7.87,173.9,enable,137.2,acc_x gyro_z v,naive,0.0,0.0,0.0,,,0.0,0.0,0.0,0.0,0.0,0.0,1.05,7.13,zero,disable
M0731,S3,20260870783161,110,6.37,127.8,enable,97.9,acc_x gyro_z v,naive,0.0,0.0,0.0,,,0.0,0.0,0.0,0.0,0.0,0.0,0.73,4.62,freeze,disable
M0732,S3,20260870783162,2,6.22,291.9,enable,230.0,acc_x gyro_z v,naive,0.0,0.0,0.0,,,0.0,0.0,0.0,0.0,0.0,0.0,0.47,2.32,zero,disable
M0733,S3,20260870783163,126,7.89,272.0,enable,210.2,acc_x gyro_z v,naive,0.0,0.0,0.0,,,0.0,0.0,0.0,0.0,0.0,0.0,1.06,3.28,zero,disable
M0734,S3,20260870783164,1,9.79,255.2,enable,202.3,acc_x gyro_z v,naive,0.0,0.0,0.0,,,0.0,0.0,0.0,0.0,0.0,0.0,1.78,2.99,freeze,disable
M0735,S3,20260870783165,4,7.21,203.4,enable,147.6,acc_x gyro_z v,naive,0.0,0.0,0.0,,,0.0,0.0,0.0,0.0,0.0,0.0,1.78,4.66,zero,disable
M0736,S3,20260870783166,120,6.14,260.9,enable,215.1,acc_x gyro_z v,naive,0.0,0.0,0.0,,,0.0,0.0,0.0,0.0,0.0,0.0,1.14,4.78,freeze,disable
M0737,S3,20260870783167,85,7.53,114.1,enable,81.0,acc_x gyro_z v,naive,0.0,0.0,0.0,,,0.0,0.0,0.0,0.0,0.0,0.0,1.64,4.44,freeze,disable
M0738,S3,20260870783168,10,7.47,250.1,enable,184.7,acc_x gyro_z v,naive,0.0,0.0,0.0,,,0.0,0.0,0.0,0.0,0.0,0.0,1.77,4.16,freeze,disable
M0739,S3,20260870783169,151,6.81,215.3,enable,181.4,acc_x gyro_z v,naive,0.0,0.0,0.0,,,0.0,0.0,0.0,0.0,0.0,0.0,0.78,6.15,zero,disable
M0740,S3,20260870783170,3,8.01,258.5,enable,185.2,acc_x gyro_z v,naive,0.0,0.0,0.0,,,0.0,0.0,0.0,0.0,0.0,0.0,1.42,4.6,zero,disable
M0741,S3,20260870783171,46,6.79,233.1,enable,193.2,acc_x gyro_z v,naive,0.0,0.0,0.0,,,0.0,0.0,0.0,0.0,0.0,0.0,1.0,3.66,freeze,disable
M0742,S3,20260870783172,83,9.52,221.6,enable,190.1,acc_x gyro_z v,naive,0.0,0.0,0.0,,,0.0,0.0,0.0,0.0,0.0,0.0,1.24,4.41,zero,disable
M0743,S3,20260870783173,68,8.36,267.9,enable,233.6,acc_x gyro_z v,naive,0.0,0.0,0.0,,,0.0,0.0,0.0,0.0,0.0,0.0,1.13,5.74,freeze,disable
M0744,S3,20260870783174,110,6.66,134.6,enable,94.8,acc_x gyro_z v,naive,0.0,0.0,0.0,,,0.0,0.0,0.0,0.0,0.0,0.0,0.73,4.86,zero,disable
M0745,S3,20260870783175,118,7.3,129.0,enable,91.1,acc_x gyro_z v,naive,0.0,0.0,0.0,,,0.0,0.0,0.0,0.0,0.0,0.0,1.08,6.24,freeze,disable
M0746,S3,20260870783176,105,7.76,76.2,enable,57.7,acc_x gyro_z v,naive,0.0,0.0,0.0,,,0.0,0.0,0.0,0.0,0.0,0.0,1.48,7.13,freeze,disable
M0747,S3,20260870783177,147,9.8,271.2,enable,234.2,acc_x gyro_z v,naive,0.0,0.0,0.0,,,0.0,0.0,0.0,0.0,0.0,0.0,1.36,3.29,freeze,disable
M0748,S3,20260870783178,53,6.89,166.1,enable,144.8,acc_x gyro_z v,naive,0.0,0.0,0.0,,,0.0,0.0,0.0,0.0,0.0,0.0,1.15,3.11,zero,disable
M0749,S3,20260870783179,154,8.31,214.4,enable,169.0,acc_x gyro_z v,naive,0.0,0.0,0.0,,,0.0,0.0,0.0,0.0,0.0,0.0,0.51,4.77,zero,disable
M0750,S3,20260870783180,29,9.03,113.9,enable,87.5,acc_x gyro_z v,naive,0.0,0.0,0.0,,,0.0,0.0,0.0,0.0,0.0,0.0,0.88,6.9,zero,disable
M0751,S3,20260870783181,34,6.34,122.7,enable,90.2,acc_x gyro_z v,naive,0.0,0.0,0.0,,,0.0,0.0,0.0,0.0,0.0,0.0,1.7,3.05,zero,disable
M0752,S3,20260870783182,1,9.48,130.5,enable,114.6,acc_x gyro_z v,naive,0.0,0.0,0.0,,,0.0,0.0,0.0,0.0,0.0,0.0,0.76,4.11,zero,disable
M0753,S3,20260870783183,150,8.06,264.4,enable,214.1,acc_x gyro_z v,naive,0.0,0.0,0.0,,,0.0,0.0,0.0,0.0,0.0,0.0,1.48,4.66,freeze,disable
M0754,S3,20260870783184,65,8.74,234.1,enable,176.4,acc_x gyro_z v,naive,0.0,0.0,0.0,,,0.0,0.0,0.0,0.0,0.0,0.0,1.4,2.27,freeze,disable
M0755,S3,20260870783185,96,6.82,207.4,enable,158.2,acc_x gyro_z v,naive,0.0,0.0,0.0,,,0.0,0.0,0.0,0.0,0.0,0.0,0.76,2.66,zero,disable
M0756,S3,20260870783186,13,7.42,95.6,enable,71.4,acc_x gyro_z v,naive,0.0,0.0,0.0,,,0.0,0.0,0.0,0.0,0.0,0.0,0.71,5.06,zero,disable
M0757,S3,20260870783187,103,7.44,201.8,enable,172.7,acc_x gyro_z v,naive,0.0,0.0,0.0,,,0.0,0.0,0.0,0.0,0.0,0.0,0.64,3.02,freeze,disable
M0758,S3,20260870783188,143,6.87,270.1,enable,193.9,acc_x gyro_z v,naive,0.0,0.0,0.0,,,0.0,0.0,0.0,0.0,0.0,0.0,0.75,3.03,freeze,disable
M0759,S3,20260870783189,33,7.6,76.1,enable,65.8,acc_x gyro_z v,naive,0.0,0.0,0.0,,,0.0,0.0,0.0,0.0,0.0,0.0,1.57,4.28,freeze,disable
M0760,S3,20260870783190,69,6.75,118.1,enable,96.5,acc_x gyro_z v,naive,0.0,0.0,0.0,,,0.0,0.0,0.0,0.0,0.0,0.0,1.48,6.58,freeze,disable
M0761,S3,20260870783191,30,8.18,132.1,enable,115.9,acc_x gyro_z v,naive,0.0,0.0,0.0,,,0.0,0.0,0.0,0.0,0.0,0.0,0.81,4.3,zero,disable
M0762,S3,20260870783192,118,7.39,241.1,enable,176.1,acc_x gyro_z v,naive,0.0,0.0,0.0,,,0.0,0.0,0.0,0.0,0.0,0.0,0.73,7.64,zero,disable
M0763,S3,20260870783193,33,7.95,107.6,enable,91.3,acc_x gyro_z v,naive,0.0,0.0,0.0,,,0.0,0.0,0.0,0.0,0.0,0.0,0.97,3.51,freeze,disable
M0764,S3,20260870783194,28,8.94,190.0,enable,134.7,acc_x gyro_z v,naive,0.0,0.0,0.0,,,0.0,0.0,0.0,0.0,0.0,0.0,1.58,6.89,freeze,disable
M0765,S3,20260870783195,57,6.36,252.9,enable,206.9,acc_x gyro_z v,naive,0.0,0.0,0.0,,,0.0,0.0,0.0,0.0,0.0,0.0,0.59,6.26,zero,disable
M0766,S3,20260870783196,115,6.9,189.3,enable,145.5,acc_x gyro_z v,naive,0.0,0.0,0.0,,,0.0,0.0,0.0,0.0,0.0,0.0,0.9,5.03,zero,disable
M0767,S3,20260870783197,73,8.95,62.4,enable,47.7,acc_x gyro_z v,naive,0.0,0.0,0.0,,,0.0,0.0,0.0,0.0,0.0,0.0,0.68,5.35,zero,disable
M0768,S3,20260870783198,149,9.94,143.5,enable,127.3,acc_x gyro_z v,naive,0.0,0.0,0.0,,,0.0,0.0,0.0,0.0,0.0,0.0,1.01,6.83,freeze,disable
M0769,S3,20260870783199,69,9.54,225.2,enable,178.3,acc_x gyro_z v,naive,0.0,0.0,0.0,,,0.0,0.0,0.0,0.0,0.0,0.0,1.34,3.01,freeze,disable
M0770,S3,20260870783200,25,6.3,288.1,enable,258.3,acc_x gyro_z v,naive,0.0,0.0,0.0,,,0.0,0.0,0.0,0.0,0.0,0.0,1.61,6.41,freeze,disable
M0771,S3,20260870783201,136,7.33,171.3,enable,125.4,acc_x gyro_z v,naive,0.0,0.0,0.0,,,0.0,0.0,0.0,0.0,0.0,0.0,1.2,7.95,freeze,disable
M0772,S3,20260870783202,127,6.44,245.9,enable,176.4,acc_x gyro_z v,naive,0.0,0.0,0.0,,,0.0,0.0,0.0,0.0,0.0,0.0,1.19,5.0,freeze,disable
M0773,S3,20260870783203,39,9.61,163.1,enable,128.9,acc_x gyro_z v,naive,0.0,0.0,0.0,,,0.0,0.0,0.0,0.0,0.0,0.0,1.68,3.53,freeze,disable
M0774,S3,20260870783204,112,9.31,294.6,enable,211.8,acc_x gyro_z v,naive,0.0,0.0,0.0,,,0.0,0.0,0.0,0.0,0.0,0.0,1.16,6.16,zero,disable
M0775,S3,20260870783205,45,7.12,235.3,enable,195.1,acc_x gyro_z v,naive,0.0,0.0,0.0,,,0.0,0.0,0.0,0.0,0.0,0.0,1.36,3.65,zero,disable
M0776,S3,20260870783206,47,7.67,203.0,enable,168.1,acc_x gyro_z v,naive,0.0,0.0,0.0,,,0.0,0.0,0.0,0.0,0.0,0.0,1.06,3.32,zero,disable
M0777,S3,20260870783207,80,7.24,140.4,enable,98.3,acc_x gyro_z v,naive,0.0,0.0,0.0,,,0.0,0.0,0.0,0.0,0.0,0.0,1.08,3.44,zero,disable
M0778,S3,20260870783208,152,8.98,71.6,enable,60.1,acc_x gyro_z v,naive,0.0,0.0,0.0,,,0.0,0.0,0.0,0.0,0.0,0.0,1.27,4.05,freeze,disable
M0779,S3,20260870783209,143,8.73,168.4,enable,148.1,acc_x gyro_z v,naive,0.0,0.0,0.0,,,0.0,0.0,0.0,0.0,0.0,0.0,0.55,2.19,zero,disable
M0780,S3,20260870783210,79,9.39,77.0,enable,63.4,acc_x gyro_z v,naive,0.0,0.0,0.0,,,0.0,0.0,0.0,0.0,0.0,0.0,1.15,5.58,freeze,disable
M0781,S3,20260870783211,151,7.23,279.8,enable,226.3,acc_x gyro_z v,naive,0.0,0.0,0.0,,,0.0,0.0,0.0,0.0,0.0,0.0,0.54,3.19,freeze,disable
M0782,S3,20260870783212,154,9.95,79.4,enable,66.0,acc_x gyro_z v,naive,0.0,0.0,0.0,,,0.0,0.0,0.0,0.0,0.0,0.0,0.41,6.36,freeze,disable
M0783,S3,20260870783213,97,6.7,144.8,enable,107.0,acc_x gyro_z v,naive,0.0,0.0,0.0,,,0.0,0.0,0.0,0.0,0.0,0.0,1.62,3.37,freeze,disable
M0784,S3,20260870783214,55,7.51,200.5,enable,146.1,acc_x gyro_z v,naive,0.0,0.0,0.0,,,0.0,0.0,0.0,0.0,0.0,0.0,1.49,2.18,freeze,disable
M0785,S3,20260870783215,70,9.95,62.5,enable,52.5,acc_x gyro_z v,naive,0.0,0.0,0.0,,,0.0,0.0,0.0,0.0,0.0,0.0,1.53,5.32,freeze,disable
M0786,S3,20260870783216,14,6.85,199.1,enable,142.3,acc_x gyro_z v,naive,0.0,0.0,0.0,,,0.0,0.0,0.0,0.0,0.0,0.0,1.03,3.91,freeze,disable
M0787,S3,20260870783217,66,6.58,284.8,enable,255.5,acc_x gyro_z v,naive,0.0,0.0,0.0,,,0.0,0.0,0.0,0.0,0.0,0.0,0.88,5.13,freeze,disable
M0788,S3,20260870783218,71,8.79,276.5,enable,245.9,acc_x gyro_z v,naive,0.0,0.0,0.0,,,0.0,0.0,0.0,0.0,0.0,0.0,0.78,5.58,freeze,disable
M0789,S3,20260870783219,65,7.87,216.9,enable,184.5,acc_x gyro_z v,naive,0.0,0.0,0.0,,,0.0,0.0,0.0,0.0,0.0,0.0,0.46,6.39,freeze,disable
M0790,S3,20260870783220,43,8.17,173.1,enable,139.3,acc_x gyro_z v,naive,0.0,0.0,0.0,,,0.0,0.0,0.0,0.0,0.0,0.0,1.29,3.95,freeze,disable
M0791,S3,20260870783221,42,8.77,70.4,enable,55.0,acc_x gyro_z v,naive,0.0,0.0,0.0,,,0.0,0.0,0.0,0.0,0.0,0.0,0.62,2.98,freeze,disable
M0792,S3,20260870783222,93,9.27,184.2,enable,136.7,acc_x gyro_z v,naive,0.0,0.0,0.0,,,0.0,0.0,0.0,0.0,0.0,0.0,1.13,7.96,freeze,disable
M0793,S3,20260870783223,87,9.63,201.9,enable,149.8,acc_x gyro_z v,naive,0.0,0.0,0.0,,,0.0,0.0,0.0,0.0,0.0,0.0,1.33,4.41,freeze,disable
M0794,S3,20260870783224,27,7.96,299.6,enable,246.0,acc_x gyro_z v,naive,0.0,0.0,0.0,,,0.0,0.0,0.0,0.0,0.0,0.0,0.59,7.9,freeze,disable
M0795,S3,20260870783225,92,9.39,190.4,enable,146.3,acc_x gyro_z v,naive,0.0,0.0,0.0,,,0.0,0.0,0.0,0.0,0.0,0.0,1.06,5.45,zero,disable
M0796,S3,20260870783226,110,9.98,103.1,enable,85.8,acc_x gyro_z v,naive,0.0,0.0,0.0,,,0.0,0.0,0.0,0.0,0.0,0.0,1.7,5.96,freeze,disable
M0797,S3,20260870783227,19,7.07,155.3,enable,126.3,acc_x gyro_z v,naive,0.0,0.0,0.0,,,0.0,0.0,0.0,0.0,0.0,0.0,1.65,4.35,zero,disable
M0798,S3,20260870783228,146,9.5,65.1,enable,58.1,acc_x gyro_z v,naive,0.0,0.0,0.0,,,0.0,0.0,0.0,0.0,0.0,0.0,1.32,5.6,freeze,disable
M0799,S3,20260870783229,1,7.56,222.8,enable,196.8,acc_x gyro_z v,naive,0.0,0.0,0.0,,,0.0,0.0,0.0,0.0,0.0,0.0,1.23,3.33,zero,disable
M0800,S3,20260870783230,117,9.83,144.8,enable,112.7,acc_x gyro_z v,naive,0.0,0.0,0.0,,,0.0,0.0,0.0,0.0,0.0,0.0,0.62,4.26,freeze,disable
M0801,S3,20260870783231,116,7.76,277.1,enable,201.6,acc_x gyro_z v,naive,0.0,0.0,0.0,,,0.0,0.0,0.0,0.0,0.0,0.0,0.61,2.55,freeze,disable
M0802,S3,20260870783232,24,7.81,94.2,enable,70.6,acc_x gyro_z v,naive,0.0,0.0,0.0,,,0.0,0.0,0.0,0.0,0.0,0.0,1.68,2.07,zero,disable
M0803,S3,20260870783233,86,6.27,216.4,enable,188.7,acc_x gyro_z v,naive,0.0,0.0,0.0,,,0.0,0.0,0.0,0.0,0.0,0.0,0.42,2.68,freeze,disable
M0804,S3,20260870783234,52,8.11,276.2,enable,203.0,acc_x gyro_z v,naive,0.0,0.0,0.0,,,0.0,0.0,0.0,0.0,0.0,0.0,0.51,2.68,zero,disable
M0805,S3,20260870783235,17,8.7,239.5,enable,170.2,acc_x gyro_z v,naive,0.0,0.0,0.0,,,0.0,0.0,0.0,0.0,0.0,0.0,0.41,6.06,zero,disable
M0806,S3,20260870783236,34,7.12,72.0,enable,54.0,acc_x gyro_z v,naive,0.0,0.0,0.0,,,0.0,0.0,0.0,0.0,0.0,0.0,1.72,3.97,zero,disable
M0807,S3,20260870783237,91,8.68,140.7,enable,102.6,acc_x gyro_z v,naive,0.0,0.0,0.0,,,0.0,0.0,0.0,0.0,0.0,0.0,0.53,5.1,zero,disable
M0808,S3,20260870783238,44,9.3,201.1,enable,164.4,acc_x gyro_z v,naive,0.0,0.0,0.0,,,0.0,0.0,0.0,0.0,0.0,0.0,1.11,2.54,freeze,disable
M0809,S3,20260870783239,48,8.37,124.6,enable,106.1,acc_x gyro_z v,naive,0.0,0.0,0.0,,,0.0,0.0,0.0,0.0,0.0,0.0,1.61,5.19,freeze,disable
M0810,S3,20260870783240,0,6.93,108.3,enable,93.5,acc_x gyro_z v,naive,0.0,0.0,0.0,,,0.0,0.0,0.0,0.0,0.0,0.0,1.29,6.54,freeze,disable
M0811,S3,20260870783241,67,6.44,246.7,enable,173.5,acc_x gyro_z v,naive,0.0,0.0,0.0,,,0.0,0.0,0.0,0.0,0.0,0.0,1.55,3.72,freeze,disable
M0812,S3,20260870783242,59,9.56,209.7,enable,162.4,acc_x gyro_z v,naive,0.0,0.0,0.0,,,0.0,0.0,0.0,0.0,0.0,0.0,1.66,5.4,freeze,disable
M0813,S3,20260870783243,60,9.3,223.1,enable,156.9,acc_x gyro_z v,naive,0.0,0.0,0.0,,,0.0,0.0,0.0,0.0,0.0,0.0,0.76,6.72,freeze,disable
M0814,S3,20260870783244,92,9.12,205.3,enable,168.8,acc_x gyro_z v,naive,0.0,0.0,0.0,,,0.0,0.0,0.0,0.0,0.0,0.0,1.61,6.18,zero,disable
M0815,S3,20260870783245,113,9.25,114.5,enable,81.9,acc_x gyro_z v,naive,0.0,0.0,0.0,,,0.0,0.0,0.0,0.0,0.0,0.0,0.47,2.08,freeze,disable
M0816,S3,20260870783246,49,8.4,217.2,enable,156.7,acc_x gyro_z v,naive,0.0,0.0,0.0,,,0.0,0.0,0.0,0.0,0.0,0.0,1.3,2.32,freeze,disable
M0817,S3,20260870783247,104,9.98,206.6,enable,156.6,acc_x gyro_z v,naive,0.0,0.0,0.0,,,0.0,0.0,0.0,0.0,0.0,0.0,1.65,3.34,zero,disable
M0818,S3,20260870783248,138,9.54,289.3,enable,214.8,acc_x gyro_z v,naive,0.0,0.0,0.0,,,0.0,0.0,0.0,0.0,0.0,0.0,1.12,3.9,zero,disable
M0819,S3,20260870783249,67,9.65,226.2,enable,183.8,acc_x gyro_z v,naive,0.0,0.0,0.0,,,0.0,0.0,0.0,0.0,0.0,0.0,1.05,2.41,zero,disable
M0820,S3,20260870783250,76,8.68,272.0,enable,230.2,acc_x gyro_z v,naive,0.0,0.0,0.0,,,0.0,0.0,0.0,0.0,0.0,0.0,0.57,7.75,zero,disable
M0821,S3,20260870783251,81,6.18,179.2,enable,131.7,acc_x gyro_z v,naive,0.0,0.0,0.0,,,0.0,0.0,0.0,0.0,0.0,0.0,0.46,6.55,freeze,disable
M0822,S3,20260870783252,99,6.86,108.4,enable,80.7,acc_x gyro_z v,naive,0.0,0.0,0.0,,,0.0,0.0,0.0,0.0,0.0,0.0,1.49,6.89,zero,disable
M0823,S3,20260870783253,36,7.27,223.9,enable,161.1,acc_x gyro_z v,naive,0.0,0.0,0.0,,,0.0,0.0,0.0,0.0,0.0,0.0,0.54,5.34,zero,disable
M0824,S3,20260870783254,40,7.28,178.8,enable,133.3,acc_x gyro_z v,naive,0.0,0.0,0.0,,,0.0,0.0,0.0,0.0,0.0,0.0,1.71,3.16,zero,disable
M0825,S3,20260870783255,62,8.86,231.3,enable,194.3,acc_x gyro_z v,naive,0.0,0.0,0.0,,,0.0,0.0,0.0,0.0,0.0,0.0,1.03,3.36,zero,disable
M0826,S3,20260870783256,26,6.97,210.4,enable,181.6,acc_x gyro_z v,naive,0.0,0.0,0.0,,,0.0,0.0,0.0,0.0,0.0,0.0,1.35,4.11,freeze,disable
M0827,S3,20260870783257,46,7.49,265.2,enable,190.8,acc_x gyro_z v,naive,0.0,0.0,0.0,,,0.0,0.0,0.0,0.0,0.0,0.0,0.66,2.21,freeze,disable
M0828,S3,20260870783258,81,9.46,109.9,enable,91.7,acc_x gyro_z v,naive,0.0,0.0,0.0,,,0.0,0.0,0.0,0.0,0.0,0.0,1.09,2.35,freeze,disable
M0829,S3,20260870783259,76,8.76,225.0,enable,166.5,acc_x gyro_z v,naive,0.0,0.0,0.0,,,0.0,0.0,0.0,0.0,0.0,0.0,1.75,6.93,zero,disable
M0830,S3,20260870783260,82,7.89,119.5,enable,105.3,acc_x gyro_z v,naive,0.0,0.0,0.0,,,0.0,0.0,0.0,0.0,0.0,0.0,1.35,7.14,zero,disable
M0831,S3,20260870783261,81,8.02,141.7,enable,100.4,acc_x gyro_z v,naive,0.0,0.0,0.0,,,0.0,0.0,0.0,0.0,0.0,0.0,0.52,3.47,zero,disable
M0832,S3,20260870783262,141,9.84,174.3,enable,129.4,acc_x gyro_z v,naive,0.0,0.0,0.0,,,0.0,0.0,0.0,0.0,0.0,0.0,1.6,5.98,zero,disable
M0833,S3,20260870783263,34,9.26,275.4,enable,239.5,acc_x gyro_z v,naive,0.0,0.0,0.0,,,0.0,0.0,0.0,0.0,0.0,0.0,0.79,4.1,zero,disable
M0834,S3,20260870783264,22,9.59,185.5,enable,138.2,acc_x gyro_z v,naive,0.0,0.0,0.0,,,0.0,0.0,0.0,0.0,0.0,0.0,1.29,4.96,freeze,disable
M0835,S3,20260870783265,118,9.34,232.7,enable,200.7,acc_x gyro_z v,naive,0.0,0.0,0.0,,,0.0,0.0,0.0,0.0,0.0,0.0,0.44,6.89,zero,disable
M0836,S3,20260870783266,117,6.71,135.7,enable,110.0,acc_x gyro_z v,naive,0.0,0.0,0.0,,,0.0,0.0,0.0,0.0,0.0,0.0,0.43,5.77,zero,disable
M0837,S3,20260870783267,33,6.38,188.2,enable,158.1,acc_x gyro_z v,naive,0.0,0.0,0.0,,,0.0,0.0,0.0,0.0,0.0,0.0,0.77,5.36,freeze,disable
M0838,S3,20260870783268,32,6.09,183.1,enable,143.4,acc_x gyro_z v,naive,0.0,0.0,0.0,,,0.0,0.0,0.0,0.0,0.0,0.0,1.65,3.76,zero,disable
M0839,S3,20260870783269,86,7.8,209.0,enable,184.9,acc_x gyro_z v,naive,0.0,0.0,0.0,,,0.0,0.0,0.0,0.0,0.0,0.0,1.58,3.12,zero,disable
M0840,S3,20260870783270,23,8.03,117.5,enable,89.7,acc_x gyro_z v,naive,0.0,0.0,0.0,,,0.0,0.0,0.0,0.0,0.0,0.0,0.45,7.85,zero,disable
M0841,S3,20260870783271,68,6.04,252.3,enable,207.1,acc_x gyro_z v,naive,0.0,0.0,0.0,,,0.0,0.0,0.0,0.0,0.0,0.0,0.94,4.15,freeze,disable
M0842,S3,20260870783272,13,7.14,237.9,enable,206.4,acc_x gyro_z v,naive,0.0,0.0,0.0,,,0.0,0.0,0.0,0.0,0.0,0.0,1.33,2.62,zero,disable
M0843,S3,20260870783273,63,7.03,142.5,enable,127.1,acc_x gyro_z v,naive,0.0,0.0,0.0,,,0.0,0.0,0.0,0.0,0.0,0.0,0.69,4.37,zero,disable
M0844,S3,20260870783274,148,9.7,125.1,enable,107.5,acc_x gyro_z v,naive,0.0,0.0,0.0,,,0.0,0.0,0.0,0.0,0.0,0.0,0.66,5.59,zero,disable
M0845,S3,20260870783275,89,9.67,267.3,enable,236.7,acc_x gyro_z v,naive,0.0,0.0,0.0,,,0.0,0.0,0.0,0.0,0.0,0.0,1.6,6.19,zero,disable
M0846,S3,20260870783276,147,6.63,222.4,enable,156.5,acc_x gyro_z v,naive,0.0,0.0,0.0,,,0.0,0.0,0.0,0.0,0.0,0.0,0.74,7.27,freeze,disable
M0847,S3,20260870783277,52,6.83,239.7,enable,177.1,acc_x gyro_z v,naive,0.0,0.0,0.0,,,0.0,0.0,0.0,0.0,0.0,0.0,0.71,7.64,freeze,disable
M0848,S3,20260870783278,37,9.58,81.5,enable,61.7,acc_x gyro_z v,naive,0.0,0.0,0.0,,,0.0,0.0,0.0,0.0,0.0,0.0,0.93,6.58,freeze,disable
M0849,S3,20260870783279,132,8.39,230.2,enable,184.9,acc_x gyro_z v,naive,0.0,0.0,0.0,,,0.0,0.0,0.0,0.0,0.0,0.0,1.63,6.5,zero,disable
M0850,S3,20260870783280,137,7.24,237.6,enable,212.7,acc_x gyro_z v,naive,0.0,0.0,0.0,,,0.0,0.0,0.0,0.0,0.0,0.0,0.63,4.0,freeze,disable
M0851,S3,20260870783281,153,8.46,234.8,enable,174.2,acc_x gyro_z v,naive,0.0,0.0,0.0,,,0.0,0.0,0.0,0.0,0.0,0.0,1.52,4.06,zero,disable
M0852,S3,20260870783282,68,6.67,122.0,enable,108.1,acc_x gyro_z v,naive,0.0,0.0,0.0,,,0.0,0.0,0.0,0.0,0.0,0.0,1.53,5.42,freeze,disable
M0853,S3,20260870783283,132,9.76,76.8,enable,57.2,acc_x gyro_z v,naive,0.0,0.0,0.0,,,0.0,0.0,0.0,0.0,0.0,0.0,0.96,4.71,zero,disable
M0854,S3,20260870783284,82,8.82,111.0,enable,95.7,acc_x gyro_z v,naive,0.0,0.0,0.0,,,0.0,0.0,0.0,0.0,0.0,0.0,0.82,3.4,zero,disable
M0855,S3,20260870783285,11,9.39,68.9,enable,50.5,acc_x gyro_z v,naive,0.0,0.0,0.0,,,0.0,0.0,0.0,0.0,0.0,0.0,1.39,2.22,freeze,disable
M0856,S3,20260870783286,139,7.93,89.9,enable,72.0,acc_x gyro_z v,naive,0.0,0.0,0.0,,,0.0,0.0,0.0,0.0,0.0,0.0,1.27,6.45,freeze,disable
M0857,S3,20260870783287,126,8.51,134.0,enable,94.1,acc_x gyro_z v,naive,0.0,0.0,0.0,,,0.0,0.0,0.0,0.0,0.0,0.0,1.65,7.47,zero,disable
M0858,S3,20260870783288,9,8.68,255.7,enable,222.7,acc_x gyro_z v,naive,0.0,0.0,0.0,,,0.0,0.0,0.0,0.0,0.0,0.0,1.62,2.85,zero,disable
M0859,S3,20260870783289,79,8.56,140.3,enable,102.3,acc_x gyro_z v,naive,0.0,0.0,0.0,,,0.0,0.0,0.0,0.0,0.0,0.0,0.69,6.04,zero,disable
M0860,S3,20260870783290,107,7.55,192.4,enable,171.4,acc_x gyro_z v,naive,0.0,0.0,0.0,,,0.0,0.0,0.0,0.0,0.0,0.0,1.06,3.84,freeze,disable
M0861,S3,20260870783291,86,6.8,229.0,enable,197.3,acc_x gyro_z v,naive,0.0,0.0,0.0,,,0.0,0.0,0.0,0.0,0.0,0.0,1.52,5.05,zero,disable
M0862,S3,20260870783292,55,6.39,151.5,enable,106.6,acc_x gyro_z v,naive,0.0,0.0,0.0,,,0.0,0.0,0.0,0.0,0.0,0.0,1.71,7.64,freeze,disable
M0863,S3,20260870783293,53,8.11,266.9,enable,222.7,acc_x gyro_z v,naive,0.0,0.0,0.0,,,0.0,0.0,0.0,0.0,0.0,0.0,0.68,4.99,zero,disable
M0864,S3,20260870783294,41,6.16,253.6,enable,218.1,acc_x gyro_z v,naive,0.0,0.0,0.0,,,0.0,0.0,0.0,0.0,0.0,0.0,1.17,5.72,zero,disable
M0865,S3,20260870783295,56,8.62,87.4,enable,65.9,acc_x gyro_z v,naive,0.0,0.0,0.0,,,0.0,0.0,0.0,0.0,0.0,0.0,1.31,5.64,zero,disable
M0866,S3,20260870783296,33,6.37,279.9,enable,217.3,acc_x gyro_z v,naive,0.0,0.0,0.0,,,0.0,0.0,0.0,0.0,0.0,0.0,0.73,3.7,zero,disable
M0867,S3,20260870783297,26,7.74,103.6,enable,91.7,acc_x gyro_z v,naive,0.0,0.0,0.0,,,0.0,0.0,0.0,0.0,0.0,0.0,0.46,3.79,freeze,disable
M0868,S3,20260870783298,102,6.87,246.4,enable,198.9,acc_x gyro_z v,naive,0.0,0.0,0.0,,,0.0,0.0,0.0,0.0,0.0,0.0,0.79,2.92,zero,disable
M0869,S3,20260870783299,4,7.6,74.1,enable,65.6,acc_x gyro_z v,naive,0.0,0.0,0.0,,,0.0,0.0,0.0,0.0,0.0,0.0,1.67,7.57,freeze,disable
M0870,S3,20260870783300,131,6.04,171.7,enable,129.2,acc_x gyro_z v,naive,0.0,0.0,0.0,,,0.0,0.0,0.0,0.0,0.0,0.0,1.76,4.75,zero,disable
M0871,S3,20260870783301,14,6.1,279.8,enable,203.3,acc_x gyro_z v,naive,0.0,0.0,0.0,,,0.0,0.0,0.0,0.0,0.0,0.0,0.58,5.4,freeze,disable
M0872,S3,20260870783302,149,8.88,265.0,enable,195.7,acc_x gyro_z v,naive,0.0,0.0,0.0,,,0.0,0.0,0.0,0.0,0.0,0.0,1.68,2.22,zero,disable
M0873,S3,20260870783303,139,8.46,86.2,enable,63.8,acc_x gyro_z v,naive,0.0,0.0,0.0,,,0.0,0.0,0.0,0.0,0.0,0.0,0.54,5.39,zero,disable
M0874,S3,20260870783304,8,6.75,290.1,enable,211.6,acc_x gyro_z v,naive,0.0,0.0,0.0,,,0.0,0.0,0.0,0.0,0.0,0.0,1.05,3.98,zero,disable
M0875,S3,20260870783305,71,9.12,87.2,enable,76.1,acc_x gyro_z v,naive,0.0,0.0,0.0,,,0.0,0.0,0.0,0.0,0.0,0.0,1.16,5.68,freeze,disable
M0876,S3,20260870783306,19,6.27,210.0,enable,173.8,acc_x gyro_z v,naive,0.0,0.0,0.0,,,0.0,0.0,0.0,0.0,0.0,0.0,1.09,3.07,zero,disable
M0877,S3,20260870783307,71,9.69,227.7,enable,170.8,acc_x gyro_z v,naive,0.0,0.0,0.0,,,0.0,0.0,0.0,0.0,0.0,0.0,1.48,6.64,zero,disable
M0878,S3,20260870783308,56,7.93,196.6,enable,142.7,acc_x gyro_z v,naive,0.0,0.0,0.0,,,0.0,0.0,0.0,0.0,0.0,0.0,0.57,2.73,freeze,disable
M0879,S3,20260870783309,28,9.57,236.4,enable,200.1,acc_x gyro_z v,naive,0.0,0.0,0.0,,,0.0,0.0,0.0,0.0,0.0,0.0,1.58,5.65,zero,disable
M0880,S3,20260870783310,119,8.24,143.9,enable,128.2,acc_x gyro_z v,naive,0.0,0.0,0.0,,,0.0,0.0,0.0,0.0,0.0,0.0,0.68,7.66,freeze,disable
M0881,S3,20260870783311,75,10.0,131.5,enable,116.1,acc_x gyro_z v,naive,0.0,0.0,0.0,,,0.0,0.0,0.0,0.0,0.0,0.0,1.47,2.84,freeze,disable
M0882,S3,20260870783312,45,7.27,94.4,enable,83.2,acc_x gyro_z v,naive,0.0,0.0,0.0,,,0.0,0.0,0.0,0.0,0.0,0.0,1.02,2.33,zero,disable
M0883,S3,20260870783313,21,7.66,205.2,enable,157.4,acc_x gyro_z v,naive,0.0,0.0,0.0,,,0.0,0.0,0.0,0.0,0.0,0.0,1.52,6.0,zero,disable
M0884,S3,20260870783314,142,7.81,207.9,enable,182.4,acc_x gyro_z v,naive,0.0,0.0,0.0,,,0.0,0.0,0.0,0.0,0.0,0.0,1.13,2.93,freeze,disable
M0885,S3,20260870783315,29,6.72,247.7,enable,185.1,acc_x gyro_z v,naive,0.0,0.0,0.0,,,0.0,0.0,0.0,0.0,0.0,0.0,1.66,4.92,zero,disable
M0886,S3,20260870783316,59,8.37,76.0,enable,58.9,acc_x gyro_z v,naive,0.0,0.0,0.0,,,0.0,0.0,0.0,0.0,0.0,0.0,0.84,7.94,freeze,disable
M0887,S3,20260870783317,132,9.27,279.9,enable,242.1,acc_x gyro_z v,naive,0.0,0.0,0.0,,,0.0,0.0,0.0,0.0,0.0,0.0,1.58,5.93,zero,disable
M0888,S3,20260870783318,50,8.47,131.1,enable,96.7,acc_x gyro_z v,naive,0.0,0.0,0.0,,,0.0,0.0,0.0,0.0,0.0,0.0,1.22,5.06,freeze,disable
M0889,S3,20260870783319,147,8.98,180.4,enable,153.6,acc_x gyro_z v,naive,0.0,0.0,0.0,,,0.0,0.0,0.0,0.0,0.0,0.0,1.23,6.27,freeze,disable
M0890,S3,20260870783320,84,8.8,254.0,enable,210.3,acc_x gyro_z v,naive,0.0,0.0,0.0,,,0.0,0.0,0.0,0.0,0.0,0.0,0.44,5.8,freeze,disable
M0891,S3,20260870783321,151,8.26,104.6,enable,80.7,acc_x gyro_z v,naive,0.0,0.0,0.0,,,0.0,0.0,0.0,0.0,0.0,0.0,1.59,6.76,freeze,disable
M0892,S3,20260870783322,117,9.85,190.9,enable,139.3,acc_x gyro_z v,naive,0.0,0.0,0.0,,,0.0,0.0,0.0,0.0,0.0,0.0,0.64,2.38,zero,disable
M0893,S3,20260870783323,39,8.3,71.9,enable,50.6,acc_x gyro_z v,naive,0.0,0.0,0.0,,,0.0,0.0,0.0,0.0,0.0,0.0,0.61,7.43,zero,disable
M0894,S3,20260870783324,109,8.59,166.3,enable,120.5,acc_x gyro_z v,naive,0.0,0.0,0.0,,,0.0,0.0,0.0,0.0,0.0,0.0,1.79,6.51,freeze,disable
M0895,S3,20260870783325,78,8.11,216.2,enable,157.2,acc_x gyro_z v,naive,0.0,0.0,0.0,,,0.0,0.0,0.0,0.0,0.0,0.0,0.95,4.87,freeze,disable
M0896,S3,20260870783326,143,6.87,92.0,enable,82.2,acc_x gyro_z v,naive,0.0,0.0,0.0,,,0.0,0.0,0.0,0.0,0.0,0.0,1.4,4.99,zero,disable
M0897,S3,20260870783327,30,7.3,110.4,enable,84.1,acc_x gyro_z v,naive,0.0,0.0,0.0,,,0.0,0.0,0.0,0.0,0.0,0.0,0.83,2.61,zero,disable
M0898,S3,20260870783328,43,6.11,66.8,enable,58.7,acc_x gyro_z v,naive,0.0,0.0,0.0,,,0.0,0.0,0.0,0.0,0.0,0.0,1.48,7.52,zero,disable
M0899,S3,20260870783329,105,6.14,234.0,enable,184.4,acc_x gyro_z v,naive,0.0,0.0,0.0,,,0.0,0.0,0.0,0.0,0.0,0.0,1.14,7.18,zero,disable
