mission_id,scenario,alarm_member,onset_row,alarm_row,untrusted_onset_row,horizon_end_row,detection_delay_s,detection_verdict,recon_max_err_m,driven_interval_s,time_in_band_s,deviation_at_handover_m,max_deviation_m,collisions,peak_impulse,recovered_within_5m
M0000,S1,lat_lon:45:12:0.3:99.995:global:3,806,820,762,920.0,0.7,detected,2.033478970588303,7.85,7.85,3.7487944868448384,4.030462802506364,0.0,0.0,1.0
M0001,S1,lat_lon:45:12:0.3:99.995:global:3,562,577,519,677.0,0.75,detected,2.0179510725456558,7.85,7.85,3.019216535580858,3.780721390821988,0.0,0.0,1.0
M0002,S1,lat_lon:45:12:0.3:99.995:global:3,776,784,726,884.0,0.4,detected,2.113964102185752,7.85,7.85,3.761194252751263,3.878053138449493,0.0,0.0,1.0
M0003,S1,lat_lon:45:12:0.3:99.995:global:3,1028,1039,981,1139.0,0.55,detected,1.99972618236344,7.85,7.85,3.55478239851919,3.713956635750847,0.0,0.0,1.0
M0004,S1,lat_lon:45:12:0.3:99.995:global:3,616,625,567,725.0,0.45,detected,2.0464082611616643,7.85,7.85,3.066781178379447,3.484374908525076,0.0,0.0,1.0
M0005,S1,lat_lon:45:12:0.3:99.995:global:3,274,283,225,383.0,0.45,detected,2.1448942401435382,7.85,7.85,3.881015442635923,4.670447662553695,0.0,0.0,1.0
M0006,S1,lat_lon:45:12:0.3:99.995:global:3,926,934,876,1034.0,0.4,detected,1.1447998196610858,7.85,7.85,2.516561357585912,4.033440140063948,0.0,0.0,1.0
M0007,S1,lat_lon:45:12:0.3:99.995:global:3,1304,1312,1254,1412.0,0.4,detected,3.11499191601819,7.85,7.85,0.9170278515993404,4.276748880590806,0.0,0.0,1.0
M0008,S1,lat_lon:45:12:0.3:99.995:global:3,592,607,549,707.0,0.75,detected,2.0205879382589824,7.85,7.85,1.6152646620476,3.225752976985456,0.0,0.0,1.0
M0009,S1,lat_lon:45:12:0.3:99.995:global:3,854,862,804,962.0,0.4,detected,2.110322880309825,7.85,7.85,1.1360794195564343,3.2658715909245,0.0,0.0,1.0
M0010,S1,lat_lon:45:12:0.3:99.995:global:3,952,961,903,1061.0,0.45,detected,2.634381627486313,7.85,7.85,1.8941701928763903,2.9872595053036943,0.0,0.0,1.0
M0011,S1,lat_lon:45:12:0.3:99.995:global:3,1092,1108,1050,1208.0,0.8,detected,1.0669294177679116,7.85,7.85,0.8286745435866218,2.448708060625503,0.0,0.0,1.0
M0012,S1,lat_lon:45:12:0.3:99.995:global:3,468,484,426,584.0,0.8,detected,1.7018424198711437,7.85,7.85,1.0300280964362554,2.338621443699444,0.0,0.0,1.0
M0013,S1,lat_lon:45:12:0.3:99.995:global:3,560,568,510,668.0,0.4,detected,2.363315506033491,7.85,7.85,2.92407337485616,3.97629494481377,0.0,0.0,1.0
M0014,S1,lat_lon:45:12:0.3:99.995:global:3,486,496,438,596.0,0.5,detected,2.2419465324057697,7.5,7.5,4.266485470776751,5.070584922452267,0.0,0.0,1.0
M0015,S1,lat_lon:45:12:0.3:99.995:global:3,618,628,570,728.0,0.5,detected,2.0310415358194525,6.300000000000001,6.300000000000001,18.68324693592292,18.68324693592292,4.0,20297.7208126278,0.0
M0016,S1,lat_lon:45:12:0.3:99.995:global:3,430,439,381,539.0,0.45,detected,1.5733311689884184,7.85,7.85,2.681256530928743,3.248420717492537,0.0,0.0,1.0
M0017,S1,lat_lon:45:12:0.3:99.995:global:3,366,373,315,473.0,0.35,detected,2.716204992407961,7.85,7.85,4.617783981136543,4.946410842305137,0.0,0.0,1.0
M0018,S1,lat_lon:45:12:0.3:99.995:global:3,282,289,231,389.0,0.35,detected,2.041468867842481,7.85,7.85,4.213024118512313,4.772023907905471,0.0,0.0,1.0
M0019,S1,lat_lon:45:12:0.3:99.995:global:3,314,322,264,422.0,0.4,detected,4.010498907350643,7.2,7.2,3.432813460790439,5.011087155983191,3.0,1089.4743793583941,1.0
M0020,S1,lat_lon:45:12:0.3:99.995:global:3,598,616,558,716.0,0.9,detected,1.0467957737038984,7.85,7.85,3.1923902383029623,3.873617504743755,0.0,0.0,1.0
M0021,S1,lat_lon:45:12:0.3:99.995:global:3,752,766,708,866.0,0.7,detected,1.6384140146754265,7.85,7.85,3.127703702836367,3.461346576217466,0.0,0.0,1.0
M0022,S1,lat_lon:45:12:0.3:99.995:global:3,1234,1240,1182,1340.0,0.3,detected,2.2301978576706247,7.85,7.85,2.711311402697583,4.8566698971954825,0.0,0.0,1.0
M0023,S1,lat_lon:45:12:0.3:99.995:global:3,502,511,453,611.0,0.45,detected,2.605458242393652,6.65,6.65,4.488604249800293,5.253661865281307,0.0,0.0,1.0
M0024,S1,lat_lon:45:12:0.3:99.995:global:3,334,340,282,440.0,0.3,detected,2.254743324391701,7.85,7.85,3.550338171496171,4.735054772642064,0.0,0.0,1.0
M0025,S1,lat_lon:45:12:0.3:99.995:global:3,340,355,297,455.0,0.75,detected,2.531520809246976,7.85,7.85,2.064734744516228,3.604806873395936,0.0,0.0,1.0
M0026,S1,lat_lon:45:12:0.3:99.995:global:3,356,364,306,464.0,0.4,detected,2.231725763951754,7.85,7.85,4.565214145030685,4.847790797745061,0.0,0.0,1.0
M0027,S1,lat_lon:45:12:0.3:99.995:global:3,1174,1189,1131,1289.0,0.75,detected,0.959611633844166,7.85,7.85,3.578946699651517,4.336066094456992,0.0,0.0,1.0
M0028,S1,lat_lon:45:12:0.3:99.995:global:3,294,307,249,407.0,0.65,detected,2.2443448131381376,7.85,7.85,2.5771841567400045,2.9958602822640548,0.0,0.0,1.0
M0029,S1,lat_lon:45:12:0.3:99.995:global:3,988,994,936,1094.0,0.3,detected,2.251620826333832,7.85,7.85,3.489290129979382,4.0004252710667805,0.0,0.0,1.0
M0030,S1,lat_lon:45:12:0.3:99.995:global:3,888,895,837,995.0,0.35,detected,2.84364333081081,7.85,7.85,1.4503157339256143,3.0672972187122385,0.0,0.0,1.0
M0031,S1,lat_lon:45:12:0.3:99.995:global:3,488,496,438,596.0,0.4,detected,2.02132547348369,7.85,7.85,3.09064251001182,3.47388465452754,0.0,0.0,1.0
M0032,S1,lat_lon:45:12:0.3:99.995:global:3,762,769,711,869.0,0.35,detected,2.372113341247653,7.85,7.85,3.290244593233073,3.5839068927347904,0.0,0.0,1.0
M0033,S1,lat_lon:45:12:0.3:99.995:global:3,1386,1393,1335,1493.0,0.35,detected,1.3353295055105807,7.85,7.85,3.012551452460244,4.263955824147485,0.0,0.0,1.0
M0034,S1,lat_lon:45:12:0.3:99.995:global:3,468,475,417,575.0,0.35,detected,2.024429196805805,7.85,7.85,2.721066288684097,3.947127282469924,0.0,0.0,1.0
M0035,S1,lat_lon:45:12:0.3:99.995:global:3,322,328,270,428.0,0.3,detected,2.045791781528016,7.85,7.85,4.202904633343222,4.202904633343222,0.0,0.0,1.0
M0036,S1,lat_lon:45:12:0.3:99.995:global:3,754,757,699,857.0,0.15,detected,2.0679563339004217,7.85,7.85,0.7768344842936628,3.532272409492123,0.0,0.0,1.0
M0037,S1,lat_lon:45:12:0.3:99.995:global:3,366,370,312,470.0,0.2,detected,2.3161506538554315,3.0,3.0,4.690430803153873,5.201927462376194,0.0,0.0,1.0
M0038,S1,lat_lon:45:12:0.3:99.995:global:3,950,958,900,1058.0,0.4,detected,2.063581535135428,7.85,7.85,3.253073040954432,3.67444733427181,0.0,0.0,1.0
M0039,S1,lat_lon:45:12:0.3:99.995:global:3,336,343,285,443.0,0.35,detected,2.2064734898174487,7.85,7.85,4.488873087486847,4.488873087486847,0.0,0.0,1.0
M0040,S1,lat_lon:45:12:0.3:99.995:global:3,692,709,651,809.0,0.85,detected,2.03782945055249,7.35,7.35,4.603977539596287,5.312354285953254,0.0,0.0,1.0
M0041,S1,lat_lon:45:12:0.3:99.995:global:3,218,226,168,326.0,0.4,detected,2.187659014316982,5.300000000000001,5.300000000000001,5.6964055333793295,6.311900437923721,21.0,335.8288623391397,0.0
M0042,S1,lat_lon:45:12:0.3:99.995:global:3,332,340,282,440.0,0.4,detected,2.047386247278808,7.85,7.85,2.643679775498313,3.294304280393569,0.0,0.0,1.0
M0043,S1,lat_lon:45:12:0.3:99.995:global:3,854,862,804,962.0,0.4,detected,2.2430641604958352,7.85,7.85,2.3094722101830807,2.76560537594695,0.0,0.0,1.0
M0044,S1,lat_lon:45:12:0.3:99.995:global:3,252,259,201,359.0,0.35,detected,1.6608840830026954,7.85,7.85,3.7021616963426927,4.309338235050604,0.0,0.0,1.0
M0045,S1,lat_lon:45:12:0.3:99.995:global:3,590,595,537,695.0,0.25,detected,2.601705137604397,4.2,4.2,33.34722484191674,33.34722484191674,4.0,19727.726538094237,0.0
M0046,S1,lat_lon:45:12:0.3:99.995:global:3,780,796,738,896.0,0.8,detected,1.6256795101373371,7.85,7.85,3.060965804638941,3.689449730391616,0.0,0.0,1.0
M0047,S1,lat_lon:45:12:0.3:99.995:global:3,1216,1222,1164,1322.0,0.3,detected,2.105086773748623,7.85,7.85,3.5934481498652846,3.5934481498652846,0.0,0.0,1.0
M0048,S1,lat_lon:45:12:0.3:99.995:global:3,1228,1237,1179,1337.0,0.45,detected,2.0095031692392773,7.85,7.85,3.018185366720342,3.5530006769678604,0.0,0.0,1.0
M0049,S1,lat_lon:45:12:0.3:99.995:global:3,1610,1615,1557,1715.0,0.25,detected,2.0176000641426266,7.85,7.85,2.25804939951644,3.041573752671685,0.0,0.0,1.0
M0050,S1,lat_lon:45:12:0.3:99.995:global:3,1158,1165,1107,1265.0,0.35,detected,2.463638520592148,7.85,7.85,3.0288748244595003,4.011182805547989,0.0,0.0,1.0
M0051,S1,lat_lon:45:12:0.3:99.995:global:3,350,358,300,458.0,0.4,detected,2.1238179438101352,7.85,7.85,2.801513607364736,4.638842819639725,0.0,0.0,1.0
M0052,S1,lat_lon:45:12:0.3:99.995:global:3,962,967,909,1067.0,0.25,detected,4.149649976704586,7.85,7.85,2.243874762664866,3.426038202670417,0.0,0.0,1.0
M0053,S1,lat_lon:45:12:0.3:99.995:global:3,912,919,861,1019.0,0.35,detected,2.0021292031678146,7.85,7.85,3.4066646043217257,4.099629883736602,0.0,0.0,1.0
M0054,S1,lat_lon:45:12:0.3:99.995:global:3,962,973,915,1073.0,0.55,detected,1.5662398970799218,7.85,7.85,1.9993362346518624,1.9993362346518624,0.0,0.0,1.0
M0055,S1,lat_lon:45:12:0.3:99.995:global:3,618,631,573,731.0,0.65,detected,2.0754506022567902,7.85,7.85,3.2374225711476328,3.929137870299658,0.0,0.0,1.0
M0056,S1,lat_lon:45:12:0.3:99.995:global:3,564,574,516,674.0,0.5,detected,2.199492705980417,7.85,7.85,3.182928064984987,3.868642089528328,0.0,0.0,1.0
M0057,S1,lat_lon:45:12:0.3:99.995:global:3,1352,1366,1308,1466.0,0.7,detected,2.040460163628921,7.85,7.85,2.709055162199264,3.8550621875193056,0.0,0.0,1.0
M0058,S1,lat_lon:45:12:0.3:99.995:global:3,188,196,138,296.0,0.4,detected,2.5100881140010767,7.85,7.85,4.348881177342904,4.504178308651866,0.0,0.0,1.0
M0059,S1,lat_lon:45:12:0.3:99.995:global:3,526,535,477,635.0,0.45,detected,1.7675937594328188,7.85,7.85,2.87703496853439,3.3505979537528625,0.0,0.0,1.0
M0060,S1,lat_lon:45:12:0.3:99.995:global:3,302,310,252,410.0,0.4,detected,2.0794995638411216,7.85,7.85,2.0839304647751216,4.027923814298079,0.0,0.0,1.0
M0061,S1,lat_lon:45:12:0.3:99.995:global:3,666,679,621,779.0,0.65,detected,1.7250161645505684,7.85,7.85,3.138802061433803,4.275430037632319,0.0,0.0,1.0
M0062,S1,lat_lon:45:12:0.3:99.995:global:3,412,418,360,518.0,0.3,detected,1.8528033945442068,7.85,7.85,0.4784867231097294,2.411123386051856,0.0,0.0,1.0
M0063,S1,lat_lon:45:12:0.3:99.995:global:3,868,877,819,977.0,0.45,detected,2.0135647928413403,5.65,5.65,9.837143200116252,10.48040927533527,8.0,1695.1684353783062,0.0
M0064,S1,lat_lon:45:12:0.3:99.995:global:3,648,655,597,755.0,0.35,detected,2.272164342412728,7.85,7.85,3.995243952125228,4.915042477196659,0.0,0.0,1.0
M0065,S1,lat_lon:45:12:0.3:99.995:global:3,1066,1075,1017,1175.0,0.45,detected,12.733101136793191,5.25,5.25,24.13445262237788,24.13445262237788,14.0,21353.430133342812,0.0
M0066,S1,lat_lon:45:12:0.3:99.995:global:3,284,292,234,392.0,0.4,detected,1.4363365905870429,7.85,7.85,2.286272760764568,3.3505435160936723,0.0,0.0,1.0
M0067,S1,lat_lon:45:12:0.3:99.995:global:3,186,193,135,293.0,0.35,detected,2.7889743999437324,4.0,4.0,4.61920821492415,5.861792652121299,0.0,0.0,1.0
M0068,S1,lat_lon:45:12:0.3:99.995:global:3,1102,1111,1053,1211.0,0.45,detected,2.3383771364800707,7.15,7.15,4.878800304309636,5.107670676488223,0.0,0.0,1.0
M0069,S1,lat_lon:45:12:0.3:99.995:global:3,350,358,300,458.0,0.4,detected,1.8382384106387404,7.85,7.85,2.9405228588157124,3.1524579882155,0.0,0.0,1.0
M0070,S1,lat_lon:45:12:0.3:99.995:global:3,492,508,450,608.0,0.8,detected,1.0446492889147696,7.85,7.85,3.97977471394172,4.105162246976639,0.0,0.0,1.0
M0071,S1,lat_lon:45:12:0.3:99.995:global:3,880,886,828,986.0,0.3,detected,1.5478707428126144,7.85,7.85,2.0523837888249217,4.200924126701679,0.0,0.0,1.0
M0072,S1,lat_lon:45:12:0.3:99.995:global:3,330,346,288,446.0,0.8,detected,2.8044870989032704,7.85,7.85,3.5019728223728888,4.830051566725557,0.0,0.0,1.0
M0073,S1,lat_lon:45:12:0.3:99.995:global:3,336,343,285,443.0,0.35,detected,2.3286094774616464,4.2,4.2,4.9753669325057865,5.187837882429362,0.0,0.0,1.0
M0074,S1,lat_lon:45:12:0.3:99.995:global:3,278,286,228,386.0,0.4,detected,2.1744700421493817,7.85,7.85,3.430805226877128,4.152860387620287,0.0,0.0,1.0
M0075,S1,lat_lon:45:12:0.3:99.995:global:3,1108,1123,1065,1223.0,0.75,detected,2.279157707282796,7.85,7.85,1.5720447749331352,3.038387021128633,0.0,0.0,1.0
M0076,S1,lat_lon:45:12:0.3:99.995:global:3,628,634,576,734.0,0.3,detected,2.0087747428396665,7.85,7.85,4.055107630205519,4.159791627831902,0.0,0.0,1.0
M0077,S1,lat_lon:45:12:0.3:99.995:global:3,360,370,312,470.0,0.5,detected,2.211894606576052,7.85,7.85,3.644644052891487,3.675484432501321,0.0,0.0,1.0
M0078,S1,lat_lon:45:12:0.3:99.995:global:3,774,784,726,884.0,0.5,detected,0.7427769403471353,7.85,7.85,2.498198660873817,4.070653930539548,0.0,0.0,1.0
M0079,S1,lat_lon:45:12:0.3:99.995:global:3,1156,1165,1107,1265.0,0.45,detected,1.673140685545104,7.85,7.85,2.438687264349783,2.883954290543639,0.0,0.0,1.0
M0080,S1,lat_lon:45:12:0.3:99.995:global:3,828,832,774,932.0,0.2,detected,2.1072080498223635,7.85,7.85,2.2342228393613333,3.857286861512869,0.0,0.0,1.0
M0081,S1,lat_lon:45:12:0.3:99.995:global:3,352,361,303,461.0,0.45,detected,3.4445387850349416,7.85,7.85,1.6236032251476642,3.053097022788413,0.0,0.0,1.0
M0082,S1,lat_lon:45:12:0.3:99.995:global:3,386,397,339,497.0,0.55,detected,2.2042491597335334,7.85,7.85,3.124393118934205,3.7686178931833054,0.0,0.0,1.0
M0083,S1,lat_lon:45:12:0.3:99.995:global:3,490,508,450,608.0,0.9,detected,1.74369899624904,4.3,4.3,28.404286548074385,28.404286548074385,4.0,11655.937132614325,0.0
M0084,S1,lat_lon:45:12:0.3:99.995:global:3,408,415,357,515.0,0.35,detected,1.3395504799580409,7.85,7.85,2.1685320771406067,3.3728246870627383,0.0,0.0,1.0
M0085,S1,lat_lon:45:12:0.3:99.995:global:3,186,199,141,299.0,0.65,detected,3.2827151449549574,7.85,7.85,2.7367358344235257,4.53643103747171,0.0,0.0,1.0
M0086,S1,lat_lon:45:12:0.3:99.995:global:3,316,328,270,428.0,0.6,detected,2.1901823305415267,5.45,5.45,26.490145005772256,26.490145005772256,7.0,18643.770051856605,0.0
M0087,S1,lat_lon:45:12:0.3:99.995:global:3,310,319,261,419.0,0.45,detected,2.2110699462795558,7.85,7.85,4.169463954763778,4.879707586637556,0.0,0.0,1.0
M0088,S1,lat_lon:45:12:0.3:99.995:global:3,1006,1021,963,1121.0,0.75,detected,1.858180266455556,7.85,7.85,2.683189979957429,3.870251998867919,0.0,0.0,1.0
M0089,S1,lat_lon:45:12:0.3:99.995:global:3,816,823,765,923.0,0.35,detected,1.2691531409239405,7.85,7.85,1.7155086058782751,2.872342831271174,0.0,0.0,1.0
M0090,S1,lat_lon:45:12:0.3:99.995:global:3,410,418,360,518.0,0.4,detected,1.1053343830379712,7.85,7.85,2.1315838462655483,3.107596610449238,0.0,0.0,1.0
M0091,S1,lat_lon:45:12:0.3:99.995:global:3,740,760,702,860.0,1.0,detected,2.071525217851728,6.550000000000001,6.550000000000001,16.10507315904374,16.10507315904374,2.0,20241.589198331643,0.0
M0092,S1,lat_lon:45:12:0.3:99.995:global:3,1126,1135,1077,1235.0,0.45,detected,2.0844358669106,7.85,7.85,2.382108799162697,3.4379270762563023,0.0,0.0,1.0
M0093,S1,lat_lon:45:12:0.3:99.995:global:3,1148,1156,1098,1256.0,0.4,detected,1.7801345727181586,7.85,7.85,2.564277171445203,3.9912046639404815,0.0,0.0,1.0
M0094,S1,lat_lon:45:12:0.3:99.995:global:3,486,493,435,593.0,0.35,detected,1.3954953707491315,7.85,7.85,4.100120245161173,4.867022848437344,0.0,0.0,1.0
M0095,S1,lat_lon:45:12:0.3:99.995:global:3,1402,1417,1359,1517.0,0.75,detected,2.0905215675962,7.85,7.85,3.23671408806058,3.9153890002061886,0.0,0.0,1.0
M0096,S1,lat_lon:45:12:0.3:99.995:global:3,600,610,552,710.0,0.5,detected,2.170104225940145,7.85,7.85,1.4664079336090674,3.2576898871545588,0.0,0.0,1.0
M0097,S1,lat_lon:45:12:0.3:99.995:global:3,792,799,741,899.0,0.35,detected,1.4175291600556352,7.85,7.85,3.322657573184425,4.140168952738473,0.0,0.0,1.0
M0098,S1,lat_lon:45:12:0.3:99.995:global:3,838,850,792,950.0,0.6,detected,2.085482121311011,7.85,7.85,2.686292554711677,3.45818115749949,0.0,0.0,1.0
M0099,S1,lat_lon:45:12:0.3:99.995:global:3,786,799,741,899.0,0.65,detected,2.2383563701428417,7.85,7.85,3.369111531376751,4.3984826350406845,0.0,0.0,1.0
M0100,S1,lat_lon:45:12:0.3:99.995:global:3,1020,1024,966,1124.0,0.2,detected,2.533863691322856,7.85,7.85,2.353259489189382,4.058238832617108,0.0,0.0,1.0
M0101,S1,lat_lon:45:12:0.3:99.995:global:3,622,637,579,737.0,0.75,detected,2.0413535926435142,7.85,7.85,4.5696553526808,4.9710929402594655,0.0,0.0,1.0
M0102,S1,lat_lon:45:12:0.3:99.995:global:3,458,475,417,575.0,0.85,detected,2.759665804299003,1.15,1.15,4.488905148054163,5.685940108860827,0.0,0.0,1.0
M0103,S1,lat_lon:45:12:0.3:99.995:global:3,736,745,687,845.0,0.45,detected,2.062900163344156,7.85,7.85,3.6712497049353416,4.643817972924566,0.0,0.0,1.0
M0104,S1,lat_lon:45:12:0.3:99.995:global:3,852,859,801,959.0,0.35,detected,2.3562961218616567,7.85,7.85,3.35210330701365,4.018924114961155,0.0,0.0,1.0
M0105,S1,lat_lon:45:12:0.3:99.995:global:3,216,232,174,332.0,0.8,detected,3.121301826971551,7.85,7.85,1.3653022462238598,3.626873810272389,0.0,0.0,1.0
M0106,S1,lat_lon:45:12:0.3:99.995:global:3,326,340,282,440.0,0.7,detected,2.1399208383062263,7.85,7.85,2.644238008212015,3.6527271907795744,0.0,0.0,1.0
M0107,S1,lat_lon:45:12:0.3:99.995:global:3,584,589,531,689.0,0.25,detected,2.058465636164153,7.85,7.85,2.881400739428216,2.881400739428216,0.0,0.0,1.0
M0108,S1,lat_lon:45:12:0.3:99.995:global:3,512,529,471,629.0,0.85,detected,1.930179145626303,6.550000000000001,6.550000000000001,3.618351676856447,5.015457300705683,0.0,0.0,1.0
M0109,S1,lat_lon:45:12:0.3:99.995:global:3,424,433,375,533.0,0.45,detected,2.41734741709095,7.85,7.85,3.535205052782844,4.1878549690937685,0.0,0.0,1.0
M0110,S1,lat_lon:45:12:0.3:99.995:global:3,1624,1633,1575,1733.0,0.45,detected,1.705978041524822,7.85,7.85,1.1733246303493028,3.5124486795731027,0.0,0.0,1.0
M0111,S1,lat_lon:45:12:0.3:99.995:global:3,1478,1486,1428,1586.0,0.4,detected,0.9553825509841324,7.85,7.85,2.9204335282160847,3.654263255396022,0.0,0.0,1.0
M0112,S1,lat_lon:45:12:0.3:99.995:global:3,450,466,408,566.0,0.8,detected,2.12059537008323,7.85,7.85,3.2998723648933086,3.848126964909785,0.0,0.0,1.0
M0113,S1,lat_lon:45:12:0.3:99.995:global:3,1198,1207,1149,1307.0,0.45,detected,2.0278434292442515,7.85,7.85,3.1560116546305528,3.7498123367326137,0.0,0.0,1.0
M0114,S1,lat_lon:45:12:0.3:99.995:global:3,126,133,75,233.0,0.35,detected,2.492151567994972,7.85,7.85,2.3144742549293844,4.271494015073112,0.0,0.0,1.0
M0115,S1,lat_lon:45:12:0.3:99.995:global:3,178,187,129,287.0,0.45,detected,2.68022731581119,1.5,1.5,3.9873060885576113,5.553286456728165,0.0,0.0,1.0
M0116,S1,lat_lon:45:12:0.3:99.995:global:3,694,703,645,803.0,0.45,detected,2.026511068986472,7.85,7.85,2.860105179550117,3.6061938317093087,0.0,0.0,1.0
M0117,S1,lat_lon:45:12:0.3:99.995:global:3,380,388,330,488.0,0.4,detected,1.2645899672581196,7.85,7.85,2.075313631004557,3.0986414434639453,0.0,0.0,1.0
M0118,S1,lat_lon:45:12:0.3:99.995:global:3,1068,1072,1014,1172.0,0.2,detected,2.0008317966314904,4.75,4.75,3.945259910934554,5.194395526399337,0.0,0.0,1.0
M0119,S1,lat_lon:45:12:0.3:99.995:global:3,808,814,756,914.0,0.3,detected,2.1131705447324225,4.4,4.4,31.15497719175411,31.15497719175411,2.0,17248.171904923976,0.0
M0120,S1,lat_lon:45:12:0.3:99.995:global:3,1446,1453,1395,1553.0,0.35,detected,3.9914432066960295,7.85,7.85,0.9101159486399932,3.220598994973366,0.0,0.0,1.0
M0121,S1,lat_lon:45:12:0.3:99.995:global:3,932,940,882,1040.0,0.4,detected,2.059712800047396,7.85,7.85,2.531770655016105,3.7219524613654382,0.0,0.0,1.0
M0122,S1,lat_lon:45:12:0.3:99.995:global:3,268,277,219,377.0,0.45,detected,2.0001120493718427,7.85,7.85,1.339599475741363,3.863193975457487,0.0,0.0,1.0
M0123,S1,lat_lon:45:12:0.3:99.995:global:3,398,403,345,503.0,0.25,detected,2.142904761721437,6.65,6.65,3.6806857234549306,5.371420781358859,0.0,0.0,1.0
M0124,S1,lat_lon:45:12:0.3:99.995:global:3,288,295,237,395.0,0.35,detected,0.8141059193559701,7.85,7.85,3.979846843633424,3.979846843633424,0.0,0.0,1.0
M0125,S1,lat_lon:45:12:0.3:99.995:global:3,156,163,105,263.0,0.35,detected,3.2335332428826105,2.15,2.15,50.65859493959986,50.76022615959454,8.0,19216.025615941096,0.0
M0126,S1,lat_lon:45:12:0.3:99.995:global:3,732,742,684,842.0,0.5,detected,1.7568423811243212,7.85,7.85,3.553700453341939,3.92730166052088,0.0,0.0,1.0
M0127,S1,lat_lon:45:12:0.3:99.995:global:3,302,310,252,410.0,0.4,detected,1.718103536502508,7.85,7.85,3.8611566118242218,3.8611566118242218,0.0,0.0,1.0
M0128,S1,lat_lon:45:12:0.3:99.995:global:3,584,592,534,692.0,0.4,detected,2.16241347063541,7.85,7.85,2.615718500743733,3.878070094139196,0.0,0.0,1.0
M0129,S1,lat_lon:45:12:0.3:99.995:global:3,498,505,447,605.0,0.35,detected,1.9638359477969696,7.85,7.85,1.5018711100440043,3.397777740556,0.0,0.0,1.0
M0130,S1,lat_lon:45:12:0.3:99.995:global:3,754,763,705,863.0,0.45,detected,2.5311993696821915,4.25,4.25,27.291524029591,27.291524029591,2.0,8186.6588450784675,0.0
M0131,S1,lat_lon:45:12:0.3:99.995:global:3,494,502,444,602.0,0.4,detected,1.4091933974872275,7.85,7.85,2.984345938313117,3.944272259877243,0.0,0.0,1.0
M0132,S1,lat_lon:45:12:0.3:99.995:global:3,466,481,423,581.0,0.75,detected,1.4903980874247729,7.85,7.85,2.580723800817456,4.201474630742261,0.0,0.0,1.0
M0133,S1,lat_lon:45:12:0.3:99.995:global:3,372,376,318,476.0,0.2,detected,1.5941372392458208,1.65,1.65,3.6375851087572415,5.634527589079859,0.0,0.0,1.0
M0134,S1,lat_lon:45:12:0.3:99.995:global:3,406,424,366,524.0,0.9,detected,1.652111631565241,7.85,7.85,2.927694175372132,4.668834739521133,0.0,0.0,1.0
M0135,S1,lat_lon:45:12:0.3:99.995:global:3,558,568,510,668.0,0.5,detected,2.0425164585491995,7.85,7.85,2.706557871463147,3.723898522011735,0.0,0.0,1.0
M0136,S1,lat_lon:45:12:0.3:99.995:global:3,926,943,885,1043.0,0.85,detected,0.9882362762050244,7.85,7.85,1.6738289317185744,3.3696589158406165,0.0,0.0,1.0
M0137,S1,lat_lon:45:12:0.3:99.995:global:3,568,577,519,677.0,0.45,detected,2.775312370023909,1.15,1.15,50.40266116626862,50.40266116626862,6.0,10989.756918511805,0.0
M0138,S1,lat_lon:45:12:0.3:99.995:global:3,326,334,276,434.0,0.4,detected,2.716914880672414,7.85,7.85,2.014263869253316,2.864816947618176,0.0,0.0,1.0
M0139,S1,lat_lon:45:12:0.3:99.995:global:3,954,964,906,1064.0,0.5,detected,2.7935885230897672,7.85,7.85,3.808303853684313,4.527098142900905,0.0,0.0,1.0
M0140,S1,lat_lon:45:12:0.3:99.995:global:3,418,433,375,533.0,0.75,detected,0.7401365487407187,7.85,7.85,2.328929597994278,3.8168992838546094,0.0,0.0,1.0
M0141,S1,lat_lon:45:12:0.3:99.995:global:3,748,757,699,857.0,0.45,detected,2.1349885285742154,7.85,7.85,3.2380834971589123,4.007540295562603,0.0,0.0,1.0
M0142,S1,lat_lon:45:12:0.3:99.995:global:3,234,241,183,341.0,0.35,detected,2.4510610406666875,7.85,7.85,0.5058116793898972,3.8659458556260864,0.0,0.0,1.0
M0143,S1,lat_lon:45:12:0.3:99.995:global:3,1528,1546,1488,1646.0,0.9,detected,2.4457144341725607,7.85,7.85,0.820320508187487,3.427233397780959,0.0,0.0,1.0
M0144,S1,lat_lon:45:12:0.3:99.995:global:3,696,703,645,803.0,0.35,detected,1.5240600330203633,7.85,7.85,4.441753596333378,4.441753596333378,0.0,0.0,1.0
M0145,S1,lat_lon:45:12:0.3:99.995:global:3,634,640,582,740.0,0.3,detected,1.589197772507274,7.85,7.85,2.137610624307782,4.420645315142681,0.0,0.0,1.0
M0146,S1,lat_lon:45:12:0.3:99.995:global:3,598,607,549,707.0,0.45,detected,4.197810727498814,7.85,7.85,3.3881814416933724,4.304825265182084,0.0,0.0,1.0
M0147,S1,lat_lon:45:12:0.3:99.995:global:3,328,346,288,446.0,0.9,detected,2.281988882812017,7.85,7.85,2.051697156148696,4.214954337590179,0.0,0.0,1.0
M0148,S1,lat_lon:45:12:0.3:99.995:global:3,1280,1288,1230,1388.0,0.4,detected,2.00484596713892,7.85,7.85,2.724535270371541,3.2067509003071963,0.0,0.0,1.0
M0149,S1,lat_lon:45:12:0.3:99.995:global:3,324,334,276,434.0,0.5,detected,3.11062201637009,7.85,7.85,1.2599151511308728,4.978110507953992,0.0,0.0,1.0
M0150,S1,lat_lon:45:12:0.3:99.995:global:3,372,379,321,479.0,0.35,detected,2.241100895409377,7.85,7.85,2.785605025698928,3.738442474904936,0.0,0.0,1.0
M0151,S1,lat_lon:45:12:0.3:99.995:global:3,372,385,327,485.0,0.65,detected,2.243643927308032,7.85,7.85,2.2799907069029315,3.3869659065601128,0.0,0.0,1.0
M0152,S1,lat_lon:45:12:0.3:99.995:global:3,418,427,369,527.0,0.45,detected,2.15904311823502,7.85,7.85,3.117410893279758,4.483169377857912,0.0,0.0,1.0
M0153,S1,lat_lon:45:12:0.3:99.995:global:3,464,481,423,581.0,0.85,detected,2.1219833744778223,7.85,7.85,3.915330009644363,4.313136372570043,0.0,0.0,1.0
M0154,S1,lat_lon:45:12:0.3:99.995:global:3,530,538,480,638.0,0.4,detected,2.4292972046839365,7.85,7.85,2.3471412996791576,3.5558574945378307,0.0,0.0,1.0
M0155,S1,lat_lon:45:12:0.3:99.995:global:3,728,745,687,845.0,0.85,detected,1.115882046087415,7.85,7.85,3.479139798245758,3.7873161513255567,0.0,0.0,1.0
M0156,S1,lat_lon:45:12:0.3:99.995:global:3,434,442,384,542.0,0.4,detected,2.1435177978143685,7.85,7.85,2.8836494532143577,3.6273517356254055,0.0,0.0,1.0
M0157,S1,lat_lon:45:12:0.3:99.995:global:3,190,199,141,299.0,0.45,detected,2.2906852081381865,5.2,5.2,3.7693909524927935,5.332432223865177,3.0,1849.318847657091,1.0
M0158,S1,lat_lon:45:12:0.3:99.995:global:3,788,802,744,902.0,0.7,detected,1.8308273278110236,7.45,7.45,4.116472380323474,5.15401317896754,0.0,0.0,1.0
M0159,S1,lat_lon:45:12:0.3:99.995:global:3,1438,1447,1389,1547.0,0.45,detected,2.1296546530298395,7.85,7.85,0.8496321628735932,3.8993856234826616,0.0,0.0,1.0
M0160,S1,lat_lon:45:12:0.3:99.995:global:3,104,109,51,209.0,0.25,detected,2.568989547913397,7.85,7.85,3.4020385356730696,4.86017516971183,0.0,0.0,1.0
M0161,S1,lat_lon:45:12:0.3:99.995:global:3,1342,1360,1302,1460.0,0.9,detected,2.045408912194303,7.85,7.85,2.341030038976404,3.6954681937525264,0.0,0.0,1.0
M0162,S1,lat_lon:45:12:0.3:99.995:global:3,464,472,414,572.0,0.4,detected,2.157619382100381,7.85,7.85,3.532506660600572,4.845429083774589,0.0,0.0,1.0
M0163,S1,lat_lon:45:12:0.3:99.995:global:3,776,784,726,884.0,0.4,detected,2.0915754554841426,7.85,7.85,3.706054924312942,3.830405675638896,0.0,0.0,1.0
M0164,S1,lat_lon:45:12:0.3:99.995:global:3,474,481,423,581.0,0.35,detected,1.4336758606500255,7.85,7.85,1.3693827255267212,1.8182817448193207,0.0,0.0,1.0
M0165,S1,lat_lon:45:12:0.3:99.995:global:3,1278,1285,1227,1385.0,0.35,detected,2.1639952280306187,7.85,7.85,2.2759119556450056,3.5163409653920628,0.0,0.0,1.0
M0166,S1,lat_lon:45:12:0.3:99.995:global:3,844,853,795,953.0,0.45,detected,0.8244886535703893,7.85,7.85,2.116363858782694,2.785524773931098,0.0,0.0,1.0
M0167,S1,lat_lon:45:12:0.3:99.995:global:3,772,787,729,887.0,0.75,detected,3.838984150409964,7.85,7.85,1.5611296505039314,3.8673069657333854,0.0,0.0,1.0
M0168,S1,lat_lon:45:12:0.3:99.995:global:3,1534,1540,1482,1640.0,0.3,detected,2.041355983203081,7.85,7.85,2.636667034133705,3.2575163514390484,0.0,0.0,1.0
M0169,S1,lat_lon:45:12:0.3:99.995:global:3,1236,1243,1185,1343.0,0.35,detected,2.1515904715330145,7.85,7.85,3.1856637899810374,4.857124167747148,0.0,0.0,1.0
M0170,S1,lat_lon:45:12:0.3:99.995:global:3,1188,1198,1140,1298.0,0.5,detected,2.171524030808492,7.85,7.85,2.568573031919517,2.735681960402556,0.0,0.0,1.0
M0171,S1,lat_lon:45:12:0.3:99.995:global:3,510,526,468,626.0,0.8,detected,2.3157119036775784,6.65,6.65,5.278323562917103,5.483469111102266,11.0,347.44477882656844,0.0
M0172,S1,lat_lon:45:12:0.3:99.995:global:3,576,583,525,683.0,0.35,detected,2.3632494555309527,7.85,7.85,1.825267885121911,3.5576568964123205,0.0,0.0,1.0
M0173,S1,lat_lon:45:12:0.3:99.995:global:3,816,832,774,932.0,0.8,detected,2.8697035169499374,3.7,3.7,41.967647220833584,41.967647220833584,6.0,22809.62650432208,0.0
M0174,S1,lat_lon:45:12:0.3:99.995:global:3,468,478,420,578.0,0.5,detected,2.1625839740277097,7.85,7.85,3.331480762832147,4.240104498314253,0.0,0.0,1.0
M0175,S1,lat_lon:45:12:0.3:99.995:global:3,282,289,231,389.0,0.35,detected,2.515552990295014,7.85,7.85,0.471082828188128,3.60164525495072,0.0,0.0,1.0
M0176,S1,lat_lon:45:12:0.3:99.995:global:3,394,403,345,503.0,0.45,detected,,7.85,7.85,3.4344692052698296,4.055986068178316,0.0,0.0,1.0
M0177,S1,lat_lon:45:12:0.3:99.995:global:3,492,502,444,602.0,0.5,detected,2.328636110254238,4.7,4.7,3.7163406090206967,5.057966737102892,0.0,0.0,1.0
M0178,S1,lat_lon:45:12:0.3:99.995:global:3,158,163,105,263.0,0.25,detected,2.1506970885066026,7.85,7.85,2.6278234621268743,4.38304359082924,0.0,0.0,1.0
M0179,S1,lat_lon:45:12:0.3:99.995:global:3,206,211,153,311.0,0.25,detected,2.48327874145844,7.85,7.85,3.938645765841139,4.986387950431021,0.0,0.0,1.0
M0180,S1,lat_lon:45:12:0.3:99.995:global:3,602,610,552,710.0,0.4,detected,1.9745085221565175,7.85,7.85,3.512601386592051,3.512601386592051,0.0,0.0,1.0
M0181,S1,lat_lon:45:12:0.3:99.995:global:3,266,274,216,374.0,0.4,detected,2.2035759825612904,1.25,1.25,9.822010576953636,10.901241154936594,3.0,5325.726597283996,0.0
M0182,S1,lat_lon:45:12:0.3:99.995:global:3,654,664,606,764.0,0.5,detected,2.028756330447597,7.85,7.85,2.8917187872533234,3.774481035818969,0.0,0.0,1.0
M0183,S1,lat_lon:45:12:0.3:99.995:global:3,312,319,261,419.0,0.35,detected,2.0355361308888,7.85,7.85,2.8634244510307654,4.015317020650414,0.0,0.0,1.0
M0184,S1,lat_lon:45:12:0.3:99.995:global:3,730,748,690,848.0,0.9,detected,1.572423847201884,7.85,7.85,3.3141006622783684,3.7056336977633215,0.0,0.0,1.0
M0185,S1,lat_lon:45:12:0.3:99.995:global:3,480,487,429,587.0,0.35,detected,2.36670072371141,7.85,7.85,4.77880402539486,4.813834809820248,0.0,0.0,1.0
M0186,S1,lat_lon:45:12:0.3:99.995:global:3,198,205,147,305.0,0.35,detected,1.3287120827864518,7.85,7.85,2.094167225220496,3.688653028635584,0.0,0.0,1.0
M0187,S1,lat_lon:45:12:0.3:99.995:global:3,730,745,687,845.0,0.75,detected,2.3614111748893283,7.85,7.85,3.6065086038056746,4.540958031180578,0.0,0.0,1.0
M0188,S1,lat_lon:45:12:0.3:99.995:global:3,1030,1039,981,1139.0,0.45,detected,2.0410524765511013,7.85,7.85,1.2771963844700345,4.117625031204298,0.0,0.0,1.0
M0189,S1,lat_lon:45:12:0.3:99.995:global:3,1000,1006,948,1106.0,0.3,detected,2.068945583018972,7.85,7.85,2.5775883971639377,2.776364517173506,0.0,0.0,1.0
M0190,S1,lat_lon:45:12:0.3:99.995:global:3,310,319,261,419.0,0.45,detected,1.7128846906197492,7.85,7.85,3.454602607544305,3.4756269140826705,0.0,0.0,1.0
M0191,S1,lat_lon:45:12:0.3:99.995:global:3,142,151,93,251.0,0.45,detected,2.459636609944301,4.15,4.15,3.651911486016872,5.357195295863522,0.0,0.0,1.0
M0192,S1,lat_lon:45:12:0.3:99.995:global:3,584,595,537,695.0,0.55,detected,2.172571579858378,7.85,7.85,2.9506069917423634,4.151949597153727,0.0,0.0,1.0
M0193,S1,lat_lon:45:12:0.3:99.995:global:3,320,328,270,428.0,0.4,detected,2.0603624828748317,7.85,7.85,2.7728542018214832,3.4150916798025444,0.0,0.0,1.0
M0194,S1,lat_lon:45:12:0.3:99.995:global:3,548,556,498,656.0,0.4,detected,1.3550687291508114,7.85,7.85,1.49634111639066,2.41649740535727,0.0,0.0,1.0
M0195,S1,lat_lon:45:12:0.3:99.995:global:3,808,814,756,914.0,0.3,detected,2.0495677489952198,7.85,7.85,4.796745604747748,4.886768159063623,0.0,0.0,1.0
M0196,S1,lat_lon:45:12:0.3:99.995:global:3,1158,1174,1116,1274.0,0.8,detected,1.8769200833317272,7.85,7.85,2.724798300612795,3.715513924998284,0.0,0.0,1.0
M0197,S1,lat_lon:45:12:0.3:99.995:global:3,870,877,819,977.0,0.35,detected,2.130342684149754,7.85,7.85,1.4072178886493634,3.782612397631446,0.0,0.0,1.0
M0198,S1,lat_lon:45:12:0.3:99.995:global:3,576,586,528,686.0,0.5,detected,1.9744287165454688,7.85,7.85,2.074314370588886,4.167665793417966,0.0,0.0,1.0
M0199,S1,lat_lon:45:12:0.3:99.995:global:3,858,865,807,965.0,0.35,detected,2.1879460310173044,4.25,4.25,4.200394994560606,5.528970380932111,0.0,0.0,1.0
M0200,S1,lat_lon:45:12:0.3:99.995:global:3,960,970,912,1070.0,0.5,detected,1.2323938865847976,7.85,7.85,1.0801446235885035,2.227544816270313,0.0,0.0,1.0
M0201,S1,lat_lon:45:12:0.3:99.995:global:3,988,997,939,1097.0,0.45,detected,2.12813375610874,7.85,7.85,3.5596651676757403,3.800112761290086,0.0,0.0,1.0
M0202,S1,lat_lon:45:12:0.3:99.995:global:3,386,394,336,494.0,0.4,detected,2.807743666355329,7.85,7.85,2.2354446616547543,3.809944439242126,0.0,0.0,1.0
M0203,S1,lat_lon:45:12:0.3:99.995:global:3,348,355,297,455.0,0.35,detected,1.4688590811821731,7.85,7.85,2.2650044135860288,4.6016557734187895,0.0,0.0,1.0
M0204,S1,lat_lon:45:12:0.3:99.995:global:3,868,877,819,977.0,0.45,detected,2.68376033000348,7.85,7.85,1.096316839938298,3.0307777132178906,0.0,0.0,1.0
M0205,S1,lat_lon:45:12:0.3:99.995:global:3,172,178,120,278.0,0.3,detected,2.323761464021042,2.0500000000000003,2.0500000000000003,4.063652496871071,5.795207609623786,0.0,0.0,1.0
M0206,S1,lat_lon:45:12:0.3:99.995:global:3,526,538,480,638.0,0.6,detected,3.214126438366942,7.85,7.85,3.561087134604042,3.989994511299981,0.0,0.0,1.0
M0207,S1,lat_lon:45:12:0.3:99.995:global:3,522,532,474,632.0,0.5,detected,1.6274978236954576,7.85,7.85,3.182048055203912,4.107628544912524,0.0,0.0,1.0
M0208,S1,lat_lon:45:12:0.3:99.995:global:3,470,478,420,578.0,0.4,detected,1.391678999453905,7.85,7.85,2.8892600514063616,3.756161848711812,0.0,0.0,1.0
M0209,S1,lat_lon:45:12:0.3:99.995:global:3,450,457,399,557.0,0.35,detected,2.065446587141754,7.85,7.85,2.2370516379071943,2.896654497681161,0.0,0.0,1.0
M0210,S1,lat_lon:45:12:0.3:99.995:global:3,1008,1015,957,1115.0,0.35,detected,1.7691262963436163,7.85,7.85,1.1712248373610723,2.79391419613382,0.0,0.0,1.0
M0211,S1,lat_lon:45:12:0.3:99.995:global:3,172,181,123,281.0,0.45,detected,2.343336446223669,7.85,7.85,3.271717749953004,4.751991425086602,0.0,0.0,1.0
M0212,S1,lat_lon:45:12:0.3:99.995:global:3,98,106,48,206.0,0.4,detected,1.7667109077228464,7.85,7.85,1.8051152300687163,3.5907355308750897,0.0,0.0,1.0
M0213,S1,lat_lon:45:12:0.3:99.995:global:3,352,361,303,461.0,0.45,detected,2.050533434840393,7.85,7.85,2.25788715145686,2.742025014332808,0.0,0.0,1.0
M0214,S1,lat_lon:45:12:0.3:99.995:global:3,558,565,507,665.0,0.35,detected,1.677705041685959,1.6,1.6,3.8526143372141526,5.802085692896791,0.0,0.0,1.0
M0215,S1,lat_lon:45:12:0.3:99.995:global:3,1254,1270,1212,1370.0,0.8,detected,2.238868234618887,7.85,7.85,3.3030643651134275,4.684252741156577,0.0,0.0,1.0
M0216,S1,lat_lon:45:12:0.3:99.995:global:3,402,409,351,509.0,0.35,detected,2.024359633698971,7.85,7.85,1.2534024475662766,3.8429473286810616,0.0,0.0,1.0
M0217,S1,lat_lon:45:12:0.3:99.995:global:3,328,340,282,440.0,0.6,detected,2.0810318820497087,7.85,7.85,2.5723858906235737,3.1685606006032154,0.0,0.0,1.0
M0218,S1,lat_lon:45:12:0.3:99.995:global:3,964,973,915,1073.0,0.45,detected,2.058993112766152,2.85,2.85,3.0091268184904103,5.113170793059045,0.0,0.0,1.0
M0219,S1,lat_lon:45:12:0.3:99.995:global:3,386,394,336,494.0,0.4,detected,2.896017347565361,7.85,7.85,1.331476286258629,4.382737540523861,0.0,0.0,1.0
M0220,S1,lat_lon:45:12:0.3:99.995:global:3,1402,1408,1350,1508.0,0.3,detected,2.124753611893401,7.85,7.85,2.9476282459521808,3.57991391130769,0.0,0.0,1.0
M0221,S1,lat_lon:45:12:0.3:99.995:global:3,808,823,765,923.0,0.75,detected,3.0296814318524548,7.85,7.85,3.461327788785118,4.747723337144657,0.0,0.0,1.0
M0222,S1,lat_lon:45:12:0.3:99.995:global:3,110,115,57,215.0,0.25,detected,2.21330991784203,7.85,7.85,1.933948615467897,4.146976702119474,0.0,0.0,1.0
M0223,S1,lat_lon:45:12:0.3:99.995:global:3,592,601,543,701.0,0.45,detected,1.8168908520363225,7.85,7.85,2.614157979212456,4.148180464260688,0.0,0.0,1.0
M0224,S1,lat_lon:45:12:0.3:99.995:global:3,246,253,195,353.0,0.35,detected,2.0996428326661296,7.85,7.85,3.0521095046369604,4.961921420818171,0.0,0.0,1.0
M0225,S1,lat_lon:45:12:0.3:99.995:global:3,272,286,228,386.0,0.7,detected,2.3871288067933576,7.85,7.85,3.722645092689443,4.950525448093536,0.0,0.0,1.0
M0226,S1,lat_lon:45:12:0.3:99.995:global:3,1138,1150,1092,1250.0,0.6,detected,1.3354264670275529,7.85,7.85,0.4683575268809489,2.768699166033448,0.0,0.0,1.0
M0227,S1,lat_lon:45:12:0.3:99.995:global:3,504,514,456,614.0,0.5,detected,2.095329549832564,7.85,7.85,2.970468811976956,2.970468811976956,0.0,0.0,1.0
M0228,S1,lat_lon:45:12:0.3:99.995:global:3,692,700,642,800.0,0.4,detected,1.6534892478800995,7.85,7.85,3.1489172833759924,3.455049931209981,0.0,0.0,1.0
M0229,S1,lat_lon:45:12:0.3:99.995:global:3,1406,1414,1356,1514.0,0.4,detected,2.0697242442847106,7.85,7.85,4.001575461476699,4.5685088051420255,0.0,0.0,1.0
M0230,S1,lat_lon:45:12:0.3:99.995:global:3,1198,1204,1146,1304.0,0.3,detected,2.1432510352966587,7.85,7.85,3.1997622649223416,4.22448430444036,0.0,0.0,1.0
M0231,S1,lat_lon:45:12:0.3:99.995:global:3,146,157,99,257.0,0.55,detected,2.404837382788858,1.9,1.9,4.05088682036173,5.174637685987657,3.0,304.03844924573616,1.0
M0232,S1,lat_lon:45:12:0.3:99.995:global:3,756,766,708,866.0,0.5,detected,2.330437679226351,7.85,7.85,3.4337311138360507,4.528194848674641,0.0,0.0,1.0
M0233,S1,lat_lon:45:12:0.3:99.995:global:3,348,355,297,455.0,0.35,detected,1.909897694418595,7.85,7.85,2.4531380447170674,2.4531380447170674,0.0,0.0,1.0
M0234,S1,lat_lon:45:12:0.3:99.995:global:3,1070,1078,1020,1178.0,0.4,detected,2.371795185386721,7.85,7.85,2.230166513159688,3.971772863899446,0.0,0.0,1.0
M0235,S1,lat_lon:45:12:0.3:99.995:global:3,302,319,261,419.0,0.85,detected,2.098845691767451,7.85,7.85,4.71882239727283,4.983097863802248,0.0,0.0,1.0
M0236,S1,lat_lon:45:12:0.3:99.995:global:3,626,634,576,734.0,0.4,detected,2.2106590219277296,7.85,7.85,3.836200476289776,4.905670512608855,0.0,0.0,1.0
M0237,S1,lat_lon:45:12:0.3:99.995:global:3,1580,1588,1530,1688.0,0.4,detected,2.1639027254860155,7.85,7.85,4.571780729637995,4.913638432524566,0.0,0.0,1.0
M0238,S1,lat_lon:45:12:0.3:99.995:global:3,1166,1180,1122,1280.0,0.7,detected,2.02734588022783,7.85,7.85,2.2457826444714777,4.204970230182941,0.0,0.0,1.0
M0239,S1,lat_lon:45:12:0.3:99.995:global:3,628,637,579,737.0,0.45,detected,2.0930402879575807,7.85,7.85,2.2847263694676245,3.7849793591712895,0.0,0.0,1.0
M0240,S1,lat_lon:45:12:0.3:99.995:global:3,324,334,276,434.0,0.5,detected,2.128516542123829,7.85,7.85,3.042180176806638,3.5269123110531897,0.0,0.0,1.0
M0241,S1,lat_lon:45:12:0.3:99.995:global:3,270,280,222,380.0,0.5,detected,2.054750109555889,7.85,7.85,4.372755806506838,4.480050672015743,0.0,0.0,1.0
M0242,S1,lat_lon:45:12:0.3:99.995:global:3,1070,1075,1017,1175.0,0.25,detected,2.149030794598385,7.85,7.85,2.455669900226787,4.027277854653678,0.0,0.0,1.0
M0243,S1,lat_lon:45:12:0.3:99.995:global:3,414,421,363,521.0,0.35,detected,3.1539268566095777,4.3500000000000005,4.3500000000000005,22.73324910251281,22.73324910251281,19.0,5705.314941453113,0.0
M0244,S1,lat_lon:45:12:0.3:99.995:global:3,588,595,537,695.0,0.35,detected,2.146951897127128,7.85,7.85,2.938841806858792,3.947645853571453,0.0,0.0,1.0
M0245,S1,lat_lon:45:12:0.3:99.995:global:3,1080,1090,1032,1190.0,0.5,detected,1.7960750523435332,7.85,7.85,2.949821394361188,4.242001348274951,0.0,0.0,1.0
M0246,S1,lat_lon:45:12:0.3:99.995:global:3,208,214,156,314.0,0.3,detected,2.020725710342425,7.85,7.85,2.7740340669742274,3.744858517788761,0.0,0.0,1.0
M0247,S1,lat_lon:45:12:0.3:99.995:global:3,1416,1423,1365,1523.0,0.35,detected,2.027512494482496,7.85,7.85,2.784231731939611,4.349100614315984,0.0,0.0,1.0
M0248,S1,lat_lon:45:12:0.3:99.995:global:3,318,331,273,431.0,0.65,detected,1.4876173952948295,7.85,7.85,1.165702594942536,2.9956377618913046,0.0,0.0,1.0
M0249,S1,lat_lon:45:12:0.3:99.995:global:3,874,892,834,992.0,0.9,detected,2.3343177676852918,3.85,3.85,21.469980483047564,21.469980483047564,9.0,9489.018552490326,0.0
M0250,S1,lat_lon:45:12:0.3:99.995:global:3,674,679,621,779.0,0.25,detected,2.1361989821066247,4.2,4.2,3.097281344509971,5.213534521171485,0.0,0.0,1.0
M0251,S1,lat_lon:45:12:0.3:99.995:global:3,342,358,300,458.0,0.8,detected,2.523849260611074,7.85,7.85,1.0550342002960846,2.639133793062185,2.0,5280.38161416421,1.0
M0252,S1,lat_lon:45:12:0.3:99.995:global:3,488,499,441,599.0,0.55,detected,2.747617470429251,7.85,7.85,3.422531161887743,4.473782077191504,0.0,0.0,1.0
M0253,S1,lat_lon:45:12:0.3:99.995:global:3,1166,1174,1116,1274.0,0.4,detected,1.8890428735988964,7.85,7.85,2.050110274141172,4.01966656810681,0.0,0.0,1.0
M0254,S1,lat_lon:45:12:0.3:99.995:global:3,492,502,444,602.0,0.5,detected,2.227130127385448,7.85,7.85,2.987514199180181,3.8687624532287233,0.0,0.0,1.0
M0255,S1,lat_lon:45:12:0.3:99.995:global:3,386,394,336,494.0,0.4,detected,2.080903124051469,7.85,7.85,4.138907051588106,4.618451720587173,0.0,0.0,1.0
M0256,S1,lat_lon:45:12:0.3:99.995:global:3,300,310,252,410.0,0.5,detected,2.6527343623165627,7.2,7.2,4.955757017666446,5.210275134736645,0.0,0.0,1.0
M0257,S1,lat_lon:45:12:0.3:99.995:global:3,744,751,693,851.0,0.35,detected,1.2853227599118104,7.85,7.85,2.773238521581665,3.977546038397253,0.0,0.0,1.0
M0258,S1,lat_lon:45:12:0.3:99.995:global:3,1334,1345,1287,1445.0,0.55,detected,1.1792438804554275,7.85,7.85,1.883653707768956,4.089075759899423,0.0,0.0,1.0
M0259,S1,lat_lon:45:12:0.3:99.995:global:3,992,1003,945,1103.0,0.55,detected,3.0845418164031027,1.25,1.25,3.3995341668329413,5.291031838496774,0.0,0.0,1.0
M0260,S1,lat_lon:45:12:0.3:99.995:global:3,1138,1144,1086,1244.0,0.3,detected,2.1300543408141333,7.85,7.85,1.1268212547733865,3.735929996216087,0.0,0.0,1.0
M0261,S1,lat_lon:45:12:0.3:99.995:global:3,838,847,789,947.0,0.45,detected,2.0142914571883828,7.85,7.85,3.39170974724657,3.699883080628147,0.0,0.0,1.0
M0262,S1,lat_lon:45:12:0.3:99.995:global:3,346,361,303,461.0,0.75,detected,2.283035635650714,6.050000000000001,6.050000000000001,4.115657991858611,5.151099831089453,0.0,0.0,1.0
M0263,S1,lat_lon:45:12:0.3:99.995:global:3,264,274,216,374.0,0.5,detected,1.2773737561800484,7.85,7.85,2.985188693127788,3.926257872598174,0.0,0.0,1.0
M0264,S1,lat_lon:45:12:0.3:99.995:global:3,330,337,279,437.0,0.35,detected,4.305955990366173,7.85,7.85,2.4613365432024867,4.592988268143985,0.0,0.0,1.0
M0265,S1,lat_lon:45:12:0.3:99.995:global:3,806,811,753,911.0,0.25,detected,1.482231663764262,7.85,7.85,1.7213775331549312,3.1264689314766563,0.0,0.0,1.0
M0266,S1,lat_lon:45:12:0.3:99.995:global:3,284,292,234,392.0,0.4,detected,2.1177997015565686,1.5,1.5,3.534086537177359,5.160270929834927,0.0,0.0,1.0
M0267,S1,lat_lon:45:12:0.3:99.995:global:3,602,610,552,710.0,0.4,detected,2.081823583965645,7.85,7.85,3.1001170618821465,3.164946380040191,0.0,0.0,1.0
M0268,S1,lat_lon:45:12:0.3:99.995:global:3,708,718,660,818.0,0.5,detected,2.101631088845769,7.85,7.85,3.2485817543573385,3.4829263902173344,1.0,215.28341716920136,1.0
M0269,S1,lat_lon:45:12:0.3:99.995:global:3,366,370,312,470.0,0.2,detected,2.657840185527036,3.4000000000000004,3.4000000000000004,40.63572004885467,40.63572004885467,4.0,15261.357219126761,0.0
M0270,S1,lat_lon:45:12:0.3:99.995:global:3,1098,1108,1050,1208.0,0.5,detected,2.6873414367274187,7.85,7.85,1.87062536287746,3.03181214395036,0.0,0.0,1.0
M0271,S1,lat_lon:45:12:0.3:99.995:global:3,874,883,825,983.0,0.45,detected,2.149747815797481,7.85,7.85,3.552857987808086,4.545785908804459,0.0,0.0,1.0
M0272,S1,lat_lon:45:12:0.3:99.995:global:3,422,427,369,527.0,0.25,detected,1.5569054123723265,7.85,7.85,2.77338431853342,3.429986326778907,0.0,0.0,1.0
M0273,S1,lat_lon:45:12:0.3:99.995:global:3,1240,1252,1194,1352.0,0.6,detected,1.6208625479856318,7.85,7.85,2.9611359211445616,3.7280723523947823,0.0,0.0,1.0
M0274,S1,lat_lon:45:12:0.3:99.995:global:3,914,922,864,1022.0,0.4,detected,2.043851466951517,7.85,7.85,2.4164513470064115,3.820729758938035,0.0,0.0,1.0
M0275,S1,lat_lon:45:12:0.3:99.995:global:3,306,313,255,413.0,0.35,detected,2.03902050504715,7.85,7.85,4.013044865363374,4.073953721186742,0.0,0.0,1.0
M0276,S1,lat_lon:45:12:0.3:99.995:global:3,896,904,846,1004.0,0.4,detected,2.132808822135643,7.85,7.85,1.8512591005224872,3.922338553976141,0.0,0.0,1.0
M0277,S1,lat_lon:45:12:0.3:99.995:global:3,576,583,525,683.0,0.35,detected,2.0989692877499406,7.85,7.85,2.43570673549732,3.5196995706893226,0.0,0.0,1.0
M0278,S1,lat_lon:45:12:0.3:99.995:global:3,792,799,741,899.0,0.35,detected,2.178511481246024,7.85,7.85,3.5782054630534184,4.543943925275238,0.0,0.0,1.0
M0279,S1,lat_lon:45:12:0.3:99.995:global:3,824,832,774,932.0,0.4,detected,1.8174514904387409,7.85,7.85,0.8779973680646158,3.334207160442895,0.0,0.0,1.0
M0280,S1,lat_lon:45:12:0.3:99.995:global:3,282,298,240,398.0,0.8,detected,3.1115930548814714,7.85,7.85,1.548918880747438,3.081884205898865,0.0,0.0,1.0
M0281,S1,lat_lon:45:12:0.3:99.995:global:3,244,253,195,353.0,0.45,detected,1.341048453652521,7.85,7.85,1.703187045024891,4.016338462050694,0.0,0.0,1.0
M0282,S1,lat_lon:45:12:0.3:99.995:global:3,412,421,363,521.0,0.45,detected,2.23090863220356,7.85,7.85,2.740936436192668,3.255960529302442,0.0,0.0,1.0
M0283,S1,lat_lon:45:12:0.3:99.995:global:3,906,922,864,1022.0,0.8,detected,1.2040103190273996,7.85,7.85,1.2154754213113692,2.613976230011378,0.0,0.0,1.0
M0284,S1,lat_lon:45:12:0.3:99.995:global:3,1458,1465,1407,1565.0,0.35,detected,1.6581295482920142,7.85,7.85,2.4914876626826965,3.800535438169893,0.0,0.0,1.0
M0285,S1,lat_lon:45:12:0.3:99.995:global:3,482,490,432,590.0,0.4,detected,2.147887677677967,7.85,7.85,3.2319541731369585,4.220763421642192,0.0,0.0,1.0
M0286,S1,lat_lon:45:12:0.3:99.995:global:3,480,490,432,590.0,0.5,detected,2.415657690792677,7.85,7.85,2.7180489772550613,3.644130528278016,0.0,0.0,1.0
M0287,S1,lat_lon:45:12:0.3:99.995:global:3,364,373,315,473.0,0.45,detected,2.0419989203537656,7.85,7.85,2.540569488036128,3.823029518585805,0.0,0.0,1.0
M0288,S1,lat_lon:45:12:0.3:99.995:global:3,786,793,735,893.0,0.35,detected,2.2475654666789664,7.85,7.85,2.642588128795329,3.3523467161675327,0.0,0.0,1.0
M0289,S1,lat_lon:45:12:0.3:99.995:global:3,600,607,549,707.0,0.35,detected,2.26805890748277,7.85,7.85,2.941153778567757,3.2286622137303933,0.0,0.0,1.0
M0290,S1,lat_lon:45:12:0.3:99.995:global:3,486,499,441,599.0,0.65,detected,1.384718402195996,7.85,7.85,1.9674997231096376,3.036238376014313,0.0,0.0,1.0
M0291,S1,lat_lon:45:12:0.3:99.995:global:3,608,613,555,713.0,0.25,detected,2.0071928952359896,7.85,7.85,2.9625595638638185,2.9625595638638185,0.0,0.0,1.0
M0292,S1,lat_lon:45:12:0.3:99.995:global:3,380,394,336,494.0,0.7,detected,2.155347839435482,7.85,7.85,3.0496474370039186,3.387197501343977,0.0,0.0,1.0
M0293,S1,lat_lon:45:12:0.3:99.995:global:3,852,859,801,959.0,0.35,detected,2.0799565817207832,1.65,1.65,4.264254431982343,5.299647299559368,1.0,220.4503225748805,1.0
M0294,S1,lat_lon:45:12:0.3:99.995:global:3,90,97,39,197.0,0.35,detected,2.492912922740226,2.2,2.2,5.203941395283108,6.265855951396123,0.0,0.0,0.0
M0295,S1,lat_lon:45:12:0.3:99.995:global:3,134,142,84,242.0,0.4,detected,2.388347746255234,3.95,3.95,3.977449620987381,5.061804041884087,0.0,0.0,1.0
M0296,S1,lat_lon:45:12:0.3:99.995:global:3,802,817,759,917.0,0.75,detected,2.4732780510599746,7.85,7.85,2.4927026199061686,4.327181669825969,0.0,0.0,1.0
M0297,S1,lat_lon:45:12:0.3:99.995:global:3,228,238,180,338.0,0.5,detected,2.0506941440292503,7.85,7.85,1.0031362456152195,3.387724010398052,0.0,0.0,1.0
M0298,S1,lat_lon:45:12:0.3:99.995:global:3,204,214,156,314.0,0.5,detected,2.114398354372282,7.85,7.85,2.659873564707269,3.0510972990511456,0.0,0.0,1.0
M0299,S1,lat_lon:45:12:0.3:99.995:global:3,776,781,723,881.0,0.25,detected,2.3115939446860883,7.85,7.85,3.176276695863274,3.509447468468431,0.0,0.0,1.0
M0300,S2,lon_v:45:12:0.3:99.9:global:0,1372,1384,1326,1484.0,0.6,detected,2.0407636870646075,7.85,7.85,2.413473272136744,2.775407192179509,0.0,0.0,1.0
M0301,S2,lat_lon:45:12:0.3:99.995:global:3,1022,1030,972,1130.0,0.4,detected,2.0752741005684627,7.85,7.85,2.8461468183113383,3.715707270879701,0.0,0.0,1.0
M0302,S2,lat_lon:45:12:0.3:99.995:global:3,2212,2221,2163,2321.0,0.45,detected,2.1638023222378697,7.85,7.85,3.308806780379581,3.929640788455589,0.0,0.0,1.0
M0303,S2,v_gyro:6:6:0.3:999:global:0,2358,2368,2355,2468.0,0.5,detected,2.635168659178104,5.6000000000000005,5.6000000000000005,1.2927691667485108,3.362384641941729,0.0,0.0,1.0
M0304,S2,lat_lon:45:12:0.3:99.995:global:3,916,925,867,1025.0,0.45,detected,2.152599695696624,7.85,7.85,2.4128001545087896,3.333487120129793,1.0,959.9735717852288,1.0
M0305,S2,lon_v:45:12:0.3:99.9:global:0,2362,2374,2316,2474.0,0.6,detected,2.1343971212720274,7.85,7.85,3.1090311495481737,4.843977624922275,0.0,0.0,1.0
M0306,S2,lat_lon:45:12:0.3:99.995:global:3,2334,2344,2286,2444.0,0.5,detected,2.264745786029336,2.6500000000000004,2.6500000000000004,0.3486674603387324,5.3442710630633465,0.0,0.0,1.0
M0307,S2,v_gyro:6:6:0.3:999:global:0,2284,2296,2283,2396.0,0.6,detected,2.0598976893251324,3.95,3.95,18.88469863472852,18.88469863472852,4.0,20756.486396619202,0.0
M0308,S2,lat_lon:45:12:0.3:99.995:global:3,1500,1510,1452,1610.0,0.5,detected,2.0610088745874657,7.85,7.85,3.128477484583182,3.4531640146454814,0.0,0.0,1.0
M0309,S2,lon_v:45:12:0.3:99.9:global:0,1572,1582,1524,1682.0,0.5,detected,2.174571591482509,7.85,7.85,2.4753538939052926,3.9820161337559954,0.0,0.0,1.0
M0310,S2,lon_v:45:12:0.3:99.9:global:0,1726,1738,1680,1838.0,0.6,detected,2.03844429496865,7.85,7.85,4.053106298646705,4.6485739782780415,0.0,0.0,1.0
M0311,S2,v_gyro:6:6:0.3:999:global:0,2372,2383,2370,2483.0,0.55,detected,2.1237152146252023,5.6000000000000005,5.6000000000000005,3.541791233327498,3.799527479035538,0.0,0.0,1.0
M0312,S2,lat_lon:45:12:0.3:99.995:global:3,1464,1474,1416,1574.0,0.5,detected,2.206240561657538,7.85,7.85,3.5414232835232227,4.338406412385144,0.0,0.0,1.0
M0313,S2,lon_v:45:12:0.3:99.9:global:0,2836,2848,2790,2948.0,0.6,detected,2.0330898213482493,7.85,7.85,2.708566213714549,3.8201854881596553,0.0,0.0,1.0
M0314,S2,lat_lon:45:12:0.3:99.995:global:3,1892,1900,1842,2000.0,0.4,detected,3.293586536976148,7.85,7.85,0.3390820007167262,4.092915705598694,0.0,0.0,1.0
M0315,S2,lat_lon:45:12:0.3:99.995:global:3,560,571,513,671.0,0.55,detected,2.0093307132724525,7.85,7.85,2.512659403430661,3.677104044543417,0.0,0.0,1.0
M0316,S2,lon_v:45:12:0.3:99.9:global:0,2096,2107,2049,2207.0,0.55,detected,0.7398928884266873,7.85,7.85,1.1385057246620764,3.191273124855972,0.0,0.0,1.0
M0317,S2,lat_lon:45:12:0.3:99.995:global:3,3182,3190,3132,3290.0,0.4,detected,1.763132487874303,7.85,7.85,2.9336148314844848,4.574699301731765,0.0,0.0,1.0
M0318,S2,lat_lon:45:12:0.3:99.995:global:3,2270,2278,2220,2378.0,0.4,detected,2.0349249724328,2.15,2.15,3.872735975934821,5.716025514598839,0.0,0.0,1.0
M0319,S2,lat_lon:45:12:0.3:99.995:global:3,2062,2068,2010,2168.0,0.3,detected,1.8529027304673409,6.6000000000000005,6.6000000000000005,16.424441944196747,16.424441944196747,3.0,20393.836236897205,0.0
M0320,S2,lat_lon:45:12:0.3:99.995:global:3,1022,1030,972,1130.0,0.4,detected,2.137801448363103,7.85,7.85,4.652618738039213,4.980035806367966,0.0,0.0,1.0
M0321,S2,lat_lon:45:12:0.3:99.995:global:3,844,850,792,950.0,0.3,detected,2.40935408605009,7.85,7.85,3.42773269008393,4.139437363384556,0.0,0.0,1.0
M0322,S2,lat_lon:45:12:0.3:99.995:global:3,884,892,834,992.0,0.4,detected,3.775307575856151,7.85,7.85,2.0389430265739783,3.5992517701862323,0.0,0.0,1.0
M0323,S2,lat_lon:45:12:0.3:99.995:global:3,2368,2380,2322,2480.0,0.6,detected,2.0643618776422303,7.85,7.85,3.409599035462997,3.737937070459977,0.0,0.0,1.0
M0324,S2,v_gyro:6:6:0.3:999:global:0,3554,3565,3552,3665.0,0.55,detected,2.2251003011101846,5.6000000000000005,5.6000000000000005,2.034893372043016,3.2944940286378914,0.0,0.0,1.0
M0325,S2,v_gyro:6:6:0.3:999:global:0,1102,1114,1101,1214.0,0.6,detected,3.329415164455663,5.6000000000000005,5.6000000000000005,1.6213332611925444,3.230180910642388,0.0,0.0,1.0
M0326,S2,lat_lon:45:12:0.3:99.995:global:3,1504,1513,1455,1613.0,0.45,detected,2.0437721643043605,7.85,7.85,3.6244343578783846,3.800887934806749,0.0,0.0,1.0
M0327,S2,v_gyro:6:6:0.3:999:global:0,1704,1714,1701,1814.0,0.5,detected,1.3267198912538527,5.6000000000000005,5.6000000000000005,2.41638804396112,3.8001040814334304,0.0,0.0,1.0
M0328,S2,lat_lon:45:12:0.3:99.995:global:3,2210,2221,2163,2321.0,0.55,detected,2.070492911992152,7.85,7.85,2.6980139330789386,4.214968736171789,0.0,0.0,1.0
M0329,S2,lat_lon:45:12:0.3:99.995:global:3,2872,2878,2820,2978.0,0.3,detected,1.661611020734037,7.85,7.85,0.8191610213439545,2.305810510761053,0.0,0.0,1.0
M0330,S2,lat_lon:45:12:0.3:99.995:global:3,578,583,525,683.0,0.25,detected,1.408787148907734,7.85,7.85,2.567059303042482,3.3250917525757564,0.0,0.0,1.0
M0331,S2,lon_v:45:12:0.3:99.9:global:0,2098,2110,2052,2210.0,0.6,detected,2.404311871527192,7.85,7.85,3.541940594501483,4.645363720857916,0.0,0.0,1.0
M0332,S2,v_gyro:6:6:0.3:999:global:0,816,826,813,926.0,0.5,detected,2.1500908158336336,5.6000000000000005,5.6000000000000005,3.088336421231312,3.1112511895498134,0.0,0.0,1.0
M0333,S2,lat_lon:45:12:0.3:99.995:global:3,1394,1402,1344,1502.0,0.4,detected,1.969916262295521,7.85,7.85,1.358793746260662,3.2757884102611228,0.0,0.0,1.0
M0334,S2,v_gyro:6:6:0.3:999:global:0,854,865,852,965.0,0.55,detected,1.7850369289440289,5.6000000000000005,5.6000000000000005,1.2666436142721782,3.4530792188715167,0.0,0.0,1.0
M0335,S2,lon_v:45:12:0.3:99.9:global:0,1054,1066,1008,1166.0,0.6,detected,2.296120972894843,5.300000000000001,5.300000000000001,24.79973075842776,24.79973075842776,4.0,15274.763935981724,0.0
M0336,S2,lat_lon:45:12:0.3:99.995:global:3,808,817,759,917.0,0.45,detected,2.394835506811155,7.85,7.85,1.6977869898081015,3.226599954013213,0.0,0.0,1.0
M0337,S2,lat_lon:45:12:0.3:99.995:global:3,1122,1129,1071,1229.0,0.35,detected,1.6748751949967304,7.85,7.85,3.950667743264135,3.950667743264135,3.0,13223.159901748188,1.0
M0338,S2,lat_lon:45:12:0.3:99.995:global:3,1902,1912,1854,2012.0,0.5,detected,2.0930162938356904,7.85,7.85,3.127067781155849,3.2879460573883112,0.0,0.0,1.0
M0339,S2,v_gyro:6:6:0.3:999:global:0,2728,2740,2727,2840.0,0.6,detected,2.3867037321775544,5.6000000000000005,5.6000000000000005,2.6993909304925614,3.254234314107568,0.0,0.0,1.0
M0340,S2,v_gyro:6:6:0.3:999:global:0,1430,1441,1428,1541.0,0.55,detected,2.0094781725191457,5.6000000000000005,5.6000000000000005,2.2867643520025087,3.2596535634616792,0.0,0.0,1.0
M0341,S2,lon_v:45:12:0.3:99.9:global:0,536,547,489,647.0,0.55,detected,2.117305011699546,7.85,7.85,3.2819864372716,3.8267171910960425,0.0,0.0,1.0
M0342,S2,lat_lon:45:12:0.3:99.995:global:3,1136,1147,1089,1247.0,0.55,detected,1.844349989857202,7.85,7.85,2.949139757182877,3.698320529515242,0.0,0.0,1.0
M0343,S2,lat_lon:45:12:0.3:99.995:global:3,3552,3562,3504,3662.0,0.5,detected,2.4308672981734327,7.85,7.85,0.4192145225201191,3.298966267994364,0.0,0.0,1.0
M0344,S2,lat_lon:45:12:0.3:99.995:global:3,1378,1387,1329,1487.0,0.45,detected,2.6903178432802783,3.65,3.65,39.32062592289652,39.32062592289652,5.0,16843.388489131234,0.0
M0345,S2,lon_v:45:12:0.3:99.9:global:0,3472,3484,3426,3584.0,0.6,detected,2.7698887539688557,7.85,7.85,1.9481565104028613,4.338251891381505,0.0,0.0,1.0
M0346,S2,v_gyro:6:6:0.3:999:global:0,2840,2851,2838,2951.0,0.55,detected,2.1325335979913,5.6000000000000005,5.6000000000000005,2.761422682095941,4.505961401718381,0.0,0.0,1.0
M0347,S2,lat_lon:45:12:0.3:99.995:global:3,1704,1714,1656,1814.0,0.5,detected,1.7210085155248274,7.85,7.85,1.4490202691356424,3.107223369956314,0.0,0.0,1.0
M0348,S2,lon_v:45:12:0.3:99.9:global:0,1276,1285,1227,1385.0,0.45,detected,2.1688081175937524,7.85,7.85,2.6850118093474507,3.557110516996113,0.0,0.0,1.0
M0349,S2,lat_lon:45:12:0.3:99.995:global:3,2432,2440,2382,2540.0,0.4,detected,1.0022701118170816,7.85,7.85,2.054312508853437,3.212327264342638,0.0,0.0,1.0
M0350,S2,v_gyro:6:6:0.3:999:global:0,3306,3316,3303,3416.0,0.5,detected,1.9872232427143937,5.6000000000000005,5.6000000000000005,2.5388797015707643,3.47461818154238,0.0,0.0,1.0
M0351,S2,lon_v:45:12:0.3:99.9:global:0,754,766,708,866.0,0.6,detected,2.0882569961801827,7.85,7.85,3.064657702694549,4.130651510328547,0.0,0.0,1.0
M0352,S2,lat_lon:45:12:0.3:99.995:global:3,1692,1699,1641,1799.0,0.35,detected,0.900933393380266,7.85,7.85,2.5646452664997472,3.479453043461774,0.0,0.0,1.0
M0353,S2,lat_lon:45:12:0.3:99.995:global:3,2046,2053,1995,2153.0,0.35,detected,1.886064793144048,7.85,7.85,2.566429765128294,4.8484338713428645,0.0,0.0,1.0
M0354,S2,v_gyro:6:6:0.3:999:global:0,2178,2188,2175,2288.0,0.5,detected,10.38654897034028,5.15,5.15,3.9240896551573416,4.755130118412645,0.0,0.0,1.0
M0355,S2,lon_v:45:12:0.3:99.9:global:0,520,532,474,632.0,0.6,detected,2.153001556809732,6.2,6.2,4.341910774270213,5.17811619438125,0.0,0.0,1.0
M0356,S2,lon_v:45:12:0.3:99.9:global:0,2020,2032,1974,2132.0,0.6,detected,1.5869929432924774,7.85,7.85,3.107414503349272,4.464704994180383,0.0,0.0,1.0
M0357,S2,lat_lon:45:12:0.3:99.995:global:3,1382,1390,1332,1490.0,0.4,detected,2.1476873834887646,7.85,7.85,4.216922738476617,4.27481769911854,0.0,0.0,1.0
M0358,S2,lat_lon:45:12:0.3:99.995:global:3,3036,3046,2988,3146.0,0.5,detected,2.7375345209239104,7.85,7.85,2.656748217246533,3.8756681998972313,0.0,0.0,1.0
M0359,S2,lat_lon:45:12:0.3:99.995:global:3,1814,1822,1764,1922.0,0.4,detected,1.957669046510085,7.85,7.85,2.942402944801556,4.325531147173004,0.0,0.0,1.0
M0360,S2,lat_lon:45:12:0.3:99.995:global:3,716,724,666,824.0,0.4,detected,2.0363339375351224,7.85,7.85,1.9162354338138747,2.7835060212912115,0.0,0.0,1.0
M0361,S2,v_gyro:6:6:0.3:999:global:0,2538,2548,2535,2648.0,0.5,detected,2.0815270252570244,1.6,1.6,39.659663975328975,39.659663975328975,5.0,17063.506297875596,0.0
M0362,S2,lat_lon:45:12:0.3:99.995:global:3,2356,2365,2307,2465.0,0.45,detected,2.1655773837948127,7.85,7.85,1.449624993240288,3.966522966286696,0.0,0.0,1.0
M0363,S2,lat_lon:45:12:0.3:99.995:global:3,1042,1051,993,1151.0,0.45,detected,2.287234988456528,7.85,7.85,2.172978831827546,4.768048212848541,0.0,0.0,1.0
M0364,S2,lat_lon:45:12:0.3:99.995:global:3,2442,2449,2391,2549.0,0.35,detected,1.685574390972166,7.85,7.85,4.342167997921399,4.393371091365093,0.0,0.0,1.0
M0365,S2,v_gyro:6:6:0.3:999:global:0,826,838,825,938.0,0.6,detected,1.3276749043442302,5.6000000000000005,5.6000000000000005,2.2431288368129523,4.006984399150355,0.0,0.0,1.0
M0366,S2,lat_lon:45:12:0.3:99.995:global:3,2018,2026,1968,2126.0,0.4,detected,2.1614080333325645,2.2,2.2,3.699338521399695,5.324731762044684,0.0,0.0,1.0
M0367,S2,v_gyro:6:6:0.3:999:global:0,1748,1759,1746,1859.0,0.55,detected,1.2921792213762535,5.6000000000000005,5.6000000000000005,3.069313220689988,3.757923577445689,0.0,0.0,1.0
M0368,S2,lat_lon:45:12:0.3:99.995:global:3,976,985,927,1085.0,0.45,detected,2.060990117160003,7.85,7.85,3.598391225122245,3.728692431777889,0.0,0.0,1.0
M0369,S2,lat_lon:45:12:0.3:99.995:global:3,1080,1090,1032,1190.0,0.5,detected,1.7813015494690718,7.85,7.85,4.148974932653921,4.550548462743714,0.0,0.0,1.0
M0370,S2,lat_lon:45:12:0.3:99.995:global:3,574,580,522,680.0,0.3,detected,2.1206126920815085,7.85,7.85,2.4865112565963234,3.5631377937780515,0.0,0.0,1.0
M0371,S2,lat_lon:45:12:0.3:99.995:global:3,2978,2986,2928,3086.0,0.4,detected,29.066565033198398,4.15,4.15,10.23787735846996,10.23787735846996,6.0,26542.71564213236,0.0
M0372,S2,lat_lon:45:12:0.3:99.995:global:3,2606,2614,2556,2714.0,0.4,detected,1.3964472533460663,7.85,7.85,2.4183208292269978,3.994109774943184,0.0,0.0,1.0
M0373,S2,v_gyro:6:6:0.3:999:global:0,684,694,681,794.0,0.5,detected,1.6711291358877078,5.6000000000000005,5.6000000000000005,3.060478790958975,3.402534770256589,4.0,1625.227393105929,1.0
M0374,S2,lat_lon:45:12:0.3:99.995:global:3,1588,1597,1539,1697.0,0.45,detected,3.262238649192685,7.85,7.85,3.3061241768349263,3.602480980407953,0.0,0.0,1.0
M0375,S2,lat_lon:45:12:0.3:99.995:global:3,916,922,864,1022.0,0.3,detected,2.618209616271856,7.85,7.85,3.806058089720087,3.921507997092708,0.0,0.0,1.0
M0376,S2,lat_lon:45:12:0.3:99.995:global:3,2594,2602,2544,2702.0,0.4,detected,1.4997446542635129,7.85,7.85,1.2521685960084192,2.490402344580956,0.0,0.0,1.0
M0377,S2,lon_v:45:12:0.3:99.9:global:0,1908,1918,1860,2018.0,0.5,detected,1.6977774752525956,7.85,7.85,3.196963412645148,4.713442657007183,0.0,0.0,1.0
M0378,S2,v_gyro:6:6:0.3:999:global:0,1568,1579,1566,1679.0,0.55,detected,2.2938308466469937,2.25,2.25,33.62468522465509,33.62468522465509,2.0,22468.29069733126,0.0
M0379,S2,lon_v:45:12:0.3:99.9:global:0,744,754,696,854.0,0.5,detected,1.2963584915102908,7.85,7.85,0.9907485449595788,3.1408004330492854,0.0,0.0,1.0
M0380,S2,lat_lon:45:12:0.3:99.995:global:3,1046,1054,996,1154.0,0.4,detected,2.0290673351589894,4.4,4.4,28.293616800286564,28.293616800286564,6.0,8944.252312019255,0.0
M0381,S2,lat_lon:45:12:0.3:99.995:global:3,1042,1051,993,1151.0,0.45,detected,2.096728077042595,3.8,3.8,33.15006108265309,33.15006108265309,7.0,16371.927153437422,0.0
M0382,S2,lat_lon:45:12:0.3:99.995:global:3,2092,2101,2043,2201.0,0.45,detected,1.4782073159331313,7.85,7.85,1.9857650669212843,2.36476689665936,0.0,0.0,1.0
M0383,S2,v_gyro:6:6:0.3:999:global:0,1338,1348,1335,1448.0,0.5,detected,2.0384812931748333,5.6000000000000005,5.6000000000000005,2.579519797373133,4.341135349949493,0.0,0.0,1.0
M0384,S2,lat_lon:45:12:0.3:99.995:global:3,814,826,768,926.0,0.6,detected,0.8662711051197738,7.85,7.85,1.0609588673409345,3.13997974907362,0.0,0.0,1.0
M0385,S2,lat_lon:45:12:0.3:99.995:global:3,2210,2221,2163,2321.0,0.55,detected,2.767633814037344,7.85,7.85,0.7572609189753445,3.1666789786809937,0.0,0.0,1.0
M0386,S2,v_gyro:6:6:0.3:999:global:0,948,958,945,1058.0,0.5,detected,1.3901886370184189,5.6000000000000005,5.6000000000000005,2.983966581548713,4.007204495747247,0.0,0.0,1.0
M0387,S2,lat_lon:45:12:0.3:99.995:global:3,2056,2062,2004,2162.0,0.3,detected,2.06140498951061,7.85,7.85,3.5699403410811907,3.698800979504648,0.0,0.0,1.0
M0388,S2,lat_lon:45:12:0.3:99.995:global:3,1988,1999,1941,2099.0,0.55,detected,1.9767381869829252,7.85,7.85,2.845037069926943,4.05428003593277,0.0,0.0,1.0
M0389,S2,lat_lon:45:12:0.3:99.995:global:3,2498,2509,2451,2609.0,0.55,detected,2.043211537126752,7.85,7.85,2.8026516228244085,3.855613452574744,0.0,0.0,1.0
M0390,S2,lat_lon:45:12:0.3:99.995:global:3,1704,1711,1653,1811.0,0.35,detected,2.140822102340949,7.85,7.85,2.327063316447328,3.4263038966045065,0.0,0.0,1.0
M0391,S2,v_gyro:6:6:0.3:999:global:0,1568,1579,1566,1679.0,0.55,detected,2.272929725145848,5.6000000000000005,5.6000000000000005,3.667348969243257,4.192103068399552,0.0,0.0,1.0
M0392,S2,lat_lon:45:12:0.3:99.995:global:3,1962,1969,1911,2069.0,0.35,detected,2.2592456279329487,7.85,7.85,2.8617669738596985,4.325502792934775,0.0,0.0,1.0
M0393,S2,lat_lon:45:12:0.3:99.995:global:3,822,832,774,932.0,0.5,detected,2.0743247042788644,7.85,7.85,3.0403884531754155,4.137145794163325,0.0,0.0,1.0
M0394,S2,lon_v:45:12:0.3:99.9:global:0,2206,2218,2160,2318.0,0.6,detected,2.1315084900373438,7.85,7.85,3.2257634089250664,4.284556573932599,0.0,0.0,1.0
M0395,S2,lon_v:45:12:0.3:99.9:global:0,2322,2332,2274,2432.0,0.5,detected,1.689401369282129,7.85,7.85,2.880050227844181,3.3070298842349044,0.0,0.0,1.0
M0396,S2,lat_lon:45:12:0.3:99.995:global:3,2282,2293,2235,2393.0,0.55,detected,2.151403125978336,7.85,7.85,1.97887983342374,3.925800783347114,0.0,0.0,1.0
M0397,S2,lat_lon:45:12:0.3:99.995:global:3,1630,1639,1581,1739.0,0.45,detected,1.0842726756136212,7.85,7.85,2.445665414188221,3.93368319981924,0.0,0.0,1.0
M0398,S2,lon_v:45:12:0.3:99.9:global:0,2314,2326,2268,2426.0,0.6,detected,3.1050108566134758,7.85,7.85,2.7927729491252444,4.710461905723689,0.0,0.0,1.0
M0399,S2,lat_lon:45:12:0.3:99.995:global:3,866,874,816,974.0,0.4,detected,2.0564161451190417,6.95,6.95,3.819820624781336,5.101040835808388,0.0,0.0,1.0
M0400,S2,lon_v:45:12:0.3:99.9:global:0,574,586,528,686.0,0.6,detected,2.362033355340676,7.85,7.85,4.571613793353817,4.716617859016445,0.0,0.0,1.0
M0401,S2,v_gyro:6:6:0.3:999:global:0,1318,1330,1317,1430.0,0.6,detected,21.187401632635385,3.25,3.25,7.629281166214327,7.629281166214327,4.0,19746.579305673557,0.0
M0402,S2,lon_v:45:12:0.3:99.9:global:0,1354,1366,1308,1466.0,0.6,detected,2.788711739695894,7.85,7.85,1.2961057365694355,3.3434320296053457,0.0,0.0,1.0
M0403,S2,v_gyro:6:6:0.3:999:global:0,980,991,978,1091.0,0.55,detected,1.363814740856222,5.6000000000000005,5.6000000000000005,3.3985651043937826,4.279773920809641,0.0,0.0,1.0
M0404,S2,lat_lon:45:12:0.3:99.995:global:3,1834,1843,1785,1943.0,0.45,detected,2.116060361509408,7.85,7.85,3.225452700141698,3.5877045785851767,0.0,0.0,1.0
M0405,S2,v_gyro:6:6:0.3:999:global:0,1732,1744,1731,1844.0,0.6,detected,2.0633130553384484,5.6000000000000005,5.6000000000000005,3.766845308180868,3.8332641436484622,0.0,0.0,1.0
M0406,S2,v_gyro:6:6:0.3:999:global:0,2400,2410,2397,2510.0,0.5,detected,1.247897682380808,5.6000000000000005,5.6000000000000005,2.655962226155589,3.717415385358693,0.0,0.0,1.0
M0407,S2,v_gyro:6:6:0.3:999:global:0,1084,1096,1083,1196.0,0.6,detected,1.449700238864169,5.6000000000000005,5.6000000000000005,1.9338458295342165,3.369950092989905,0.0,0.0,1.0
M0408,S2,v_gyro:6:6:0.3:999:global:0,824,835,822,935.0,0.55,detected,2.0260480758214365,5.6000000000000005,5.6000000000000005,4.048604579198204,4.444277432851903,0.0,0.0,1.0
M0409,S2,lat_lon:45:12:0.3:99.995:global:3,1858,1867,1809,1967.0,0.45,detected,2.2943313611299394,7.85,7.85,1.0542690700544224,2.80522871833506,0.0,0.0,1.0
M0410,S2,lat_lon:45:12:0.3:99.995:global:3,1676,1684,1626,1784.0,0.4,detected,2.1493218027559124,7.85,7.85,3.5185858675922725,3.789020633102454,0.0,0.0,1.0
M0411,S2,v_gyro:6:6:0.3:999:global:0,1056,1066,1053,1166.0,0.5,detected,1.23173841229246,5.6000000000000005,5.6000000000000005,2.223679532981408,4.544705307557668,0.0,0.0,1.0
M0412,S2,lat_lon:45:12:0.3:99.995:global:3,1646,1654,1596,1754.0,0.4,detected,1.1902978241053015,7.85,7.85,1.9399782901855127,2.7168513494800184,0.0,0.0,1.0
M0413,S2,lon_v:45:12:0.3:99.9:global:0,2824,2833,2775,2933.0,0.45,detected,1.3292551745761945,7.85,7.85,2.6935150841625,4.365618240907232,0.0,0.0,1.0
M0414,S2,v_gyro:6:6:0.3:999:global:0,2922,2932,2919,3032.0,0.5,detected,0.901408598814687,5.6000000000000005,5.6000000000000005,0.9957419251726876,2.938899522727135,0.0,0.0,1.0
M0415,S2,lon_v:45:12:0.3:99.9:global:0,2234,2242,2184,2342.0,0.4,detected,2.283215528990432,6.45,6.45,3.778204339457591,5.169310873516784,0.0,0.0,1.0
M0416,S2,lat_lon:45:12:0.3:99.995:global:3,2504,2512,2454,2612.0,0.4,detected,2.006603030135459,7.85,7.85,3.5388807862081952,3.743888620101571,0.0,0.0,1.0
M0417,S2,lat_lon:45:12:0.3:99.995:global:3,2720,2731,2673,2831.0,0.55,detected,1.362915620510695,7.85,7.85,3.035364165243312,3.035364165243312,0.0,0.0,1.0
M0418,S2,lon_v:45:12:0.3:99.9:global:0,632,643,585,743.0,0.55,detected,2.0001011248025105,7.85,7.85,2.572389804832554,3.513642380695753,0.0,0.0,1.0
M0419,S2,lat_lon:45:12:0.3:99.995:global:3,2618,2629,2571,2729.0,0.55,detected,1.8564395721812843,7.85,7.85,4.05192903755598,4.571245944094701,0.0,0.0,1.0
M0420,S2,lat_lon:45:12:0.3:99.995:global:3,1378,1387,1329,1487.0,0.45,detected,2.284085292667132,7.85,7.85,2.576559017675377,4.046195129434252,0.0,0.0,1.0
M0421,S2,lat_lon:45:12:0.3:99.995:global:3,920,928,870,1028.0,0.4,detected,2.506935173690734,7.85,7.85,2.1584031325933,3.502809970088191,0.0,0.0,1.0
M0422,S2,v_gyro:6:6:0.3:999:global:0,1674,1684,1671,1784.0,0.5,detected,1.8126747277620925,5.300000000000001,5.300000000000001,5.1717295412852415,5.1717295412852415,2.0,5875.30020264184,0.0
M0423,S2,lat_lon:45:12:0.3:99.995:global:3,3094,3100,3042,3200.0,0.3,detected,2.0869485403863144,7.85,7.85,2.1330258696112554,3.686424080056225,0.0,0.0,1.0
M0424,S2,v_gyro:6:6:0.3:999:global:0,918,928,915,1028.0,0.5,detected,1.9391514875165847,5.6000000000000005,5.6000000000000005,2.5438959578692986,3.465481776894816,0.0,0.0,1.0
M0425,S2,lon_v:45:12:0.3:99.9:global:0,884,895,837,995.0,0.55,detected,2.2779715660620456,7.85,7.85,4.542301163333607,4.885408522627868,8.0,502.68698760171577,1.0
M0426,S2,v_gyro:6:6:0.3:999:global:0,1600,1612,1599,1712.0,0.6,detected,2.0324048654197995,5.6000000000000005,5.6000000000000005,3.441044070098639,3.93563896034088,0.0,0.0,1.0
M0427,S2,lat_lon:45:12:0.3:99.995:global:3,982,991,933,1091.0,0.45,detected,1.7019009830312704,7.85,7.85,2.008262074901869,2.888923720606148,1.0,399.0823207350558,1.0
M0428,S2,lat_lon:45:12:0.3:99.995:global:3,2794,2803,2745,2903.0,0.45,detected,2.2649394686515043,7.85,7.85,2.3189587972439747,3.694534859303285,0.0,0.0,1.0
M0429,S2,lat_lon:45:12:0.3:99.995:global:3,3372,3382,3324,3482.0,0.5,detected,1.1397441148525127,7.85,7.85,3.206355448729317,3.969552980279986,0.0,0.0,1.0
M0430,S2,v_gyro:6:6:0.3:999:global:0,1820,1831,1818,1931.0,0.55,detected,2.039672159860769,5.6000000000000005,5.6000000000000005,1.843759816196699,3.3712985926499366,0.0,0.0,1.0
M0431,S2,lat_lon:45:12:0.3:99.995:global:3,2176,754,696,,-71.1,early,,,,,,,,
M0432,S2,v_gyro:6:6:0.3:999:global:0,2482,2494,2481,2594.0,0.6,detected,1.8269550766937035,5.6000000000000005,5.6000000000000005,2.29370094861587,2.5528864178096926,0.0,0.0,1.0
M0433,S2,lon_v:45:12:0.3:99.9:global:0,3322,3334,3276,3434.0,0.6,detected,2.097574004969151,7.85,7.85,3.006765221201903,3.8860445788301705,0.0,0.0,1.0
M0434,S2,lat_lon:45:12:0.3:99.995:global:3,1722,1732,1674,1832.0,0.5,detected,0.6829284790026195,7.85,7.85,2.84113418668017,3.9044645599900014,0.0,0.0,1.0
M0435,S2,lon_v:45:12:0.3:99.9:global:0,2844,2854,2796,2954.0,0.5,detected,2.0648458468146025,7.85,7.85,2.840653187118216,3.403161047995834,0.0,0.0,1.0
M0436,S2,lat_lon:45:12:0.3:99.995:global:3,1192,1201,1143,1301.0,0.45,detected,2.0369968815629425,7.85,7.85,2.263506227242092,3.776243488167174,0.0,0.0,1.0
M0437,S2,v_gyro:6:6:0.3:999:global:0,786,796,783,896.0,0.5,detected,2.166591632801196,5.6000000000000005,5.6000000000000005,3.611915418911495,4.417599541795277,0.0,0.0,1.0
M0438,S2,v_gyro:6:6:0.3:999:global:0,1706,1717,1704,1817.0,0.55,detected,1.960119297634846,5.6000000000000005,5.6000000000000005,3.629952089370376,4.127444930339831,0.0,0.0,1.0
M0439,S2,lat_lon:45:12:0.3:99.995:global:3,770,778,720,878.0,0.4,detected,2.1084727920391613,7.85,7.85,1.9027377014318023,3.951526965682021,0.0,0.0,1.0
M0440,S2,lat_lon:45:12:0.3:99.995:global:3,1972,1981,1923,2081.0,0.45,detected,2.6285998077023063,7.85,7.85,2.83738381062436,4.096325977759613,0.0,0.0,1.0
M0441,S2,v_gyro:6:6:0.3:999:global:0,1830,1840,1827,1940.0,0.5,detected,2.141957518246479,5.6000000000000005,5.6000000000000005,2.8799622759532646,3.694831082626093,0.0,0.0,1.0
M0442,S2,lat_lon:45:12:0.3:99.995:global:3,654,661,603,761.0,0.35,detected,2.215537746541041,7.85,7.85,4.240464762265825,4.880736498348638,0.0,0.0,1.0
M0443,S2,v_gyro:6:6:0.3:999:global:0,838,850,837,950.0,0.6,detected,2.344791318998154,5.6000000000000005,5.6000000000000005,1.933628657464804,2.4751149307569587,0.0,0.0,1.0
M0444,S2,v_gyro:6:6:0.3:999:global:0,3032,3043,3030,3143.0,0.55,detected,0.9945030734917616,5.6000000000000005,5.6000000000000005,3.173342681248432,4.407690030762218,0.0,0.0,1.0
M0445,S2,lat_lon:45:12:0.3:99.995:global:3,2566,1933,1875,,-31.65,early,,,,,,,,
M0446,S2,lat_lon:45:12:0.3:99.995:global:3,2098,2107,2049,2207.0,0.45,detected,2.0805056052394977,7.85,7.85,1.8698970738185952,3.2952555952851097,0.0,0.0,1.0
M0447,S2,lat_lon:45:12:0.3:99.995:global:3,1050,1057,999,1157.0,0.35,detected,2.0523214062411714,7.85,7.85,2.637376836971329,4.818513114103343,0.0,0.0,1.0
M0448,S2,v_gyro:6:6:0.3:999:global:0,1026,1036,1023,1136.0,0.5,detected,3.233382961161842,5.6000000000000005,5.6000000000000005,4.196689668998225,4.995029485219932,0.0,0.0,1.0
M0449,S2,lat_lon:45:12:0.3:99.995:global:3,1612,1618,1560,1718.0,0.3,detected,2.4599159488305893,3.45,3.45,34.11225635404655,34.11225635404655,7.0,13329.83427931434,0.0
M0450,S2,lon_v:45:12:0.3:99.9:global:0,886,895,837,995.0,0.45,detected,1.024107630251773,7.85,7.85,2.731547582520657,3.113455892327326,0.0,0.0,1.0
M0451,S2,v_gyro:6:6:0.3:999:global:0,1244,1255,1242,1355.0,0.55,detected,2.0770438746034627,5.6000000000000005,5.6000000000000005,1.7303994180793705,4.2063808668543645,0.0,0.0,1.0
M0452,S2,v_gyro:6:6:0.3:999:global:0,1530,1540,1527,1640.0,0.5,detected,16.835183026141873,4.05,4.05,1.071947677197673,6.131882689637391,0.0,0.0,1.0
M0453,S2,lon_v:45:12:0.3:99.9:global:0,3076,3088,3030,3188.0,0.6,detected,2.2873013823645323,7.85,7.85,3.261034203777223,4.228363375635963,0.0,0.0,1.0
M0454,S2,lat_lon:45:12:0.3:99.995:global:3,1724,1732,1674,1832.0,0.4,detected,2.4105382903589154,7.85,7.85,3.951968619260774,4.751533016292093,0.0,0.0,1.0
M0455,S2,lon_v:45:12:0.3:99.9:global:0,1968,1978,1920,2078.0,0.5,detected,2.059107778295471,7.85,7.85,4.6773502578506205,4.912877661157502,0.0,0.0,1.0
M0456,S2,lat_lon:45:12:0.3:99.995:global:3,1274,1285,1227,1385.0,0.55,detected,2.0615477047482846,7.85,7.85,3.5814434705751834,4.105268642424509,0.0,0.0,1.0
M0457,S2,lat_lon:45:12:0.3:99.995:global:3,1066,1075,1017,1175.0,0.45,detected,1.72063533523885,7.85,7.85,4.412254814895858,4.518648179593967,0.0,0.0,1.0
M0458,S2,lat_lon:45:12:0.3:99.995:global:3,990,1000,942,1100.0,0.5,detected,2.01162646948543,7.85,7.85,2.03094553017019,3.8718620704006304,0.0,0.0,1.0
M0459,S2,lat_lon:45:12:0.3:99.995:global:3,1024,1033,975,1133.0,0.45,detected,2.514000005246494,7.85,7.85,2.9304326284074134,3.890548937921954,0.0,0.0,1.0
M0460,S2,lon_v:45:12:0.3:99.9:global:0,1462,1474,1416,1574.0,0.6,detected,1.373577670241973,7.85,7.85,3.6067606026259087,3.6067606026259087,0.0,0.0,1.0
M0461,S2,lat_lon:45:12:0.3:99.995:global:3,2538,2545,2487,2645.0,0.35,detected,2.034628507292389,7.85,7.85,3.009280228590423,3.2201251623038507,0.0,0.0,1.0
M0462,S2,lat_lon:45:12:0.3:99.995:global:3,1460,1468,1410,1568.0,0.4,detected,1.2747354527745085,7.85,7.85,4.24855357897209,4.676582767388103,2.0,4881.173741633918,1.0
M0463,S2,lon_v:45:12:0.3:99.9:global:0,2302,2308,2250,2408.0,0.3,detected,2.0994960155400912,7.85,7.85,3.0946100749556984,3.740538019404587,0.0,0.0,1.0
M0464,S2,v_gyro:6:6:0.3:999:global:0,978,988,975,1088.0,0.5,detected,2.076456980259381,1.6,1.6,4.331203837623037,5.6687306252418255,0.0,0.0,1.0
M0465,S2,v_gyro:6:6:0.3:999:global:0,1966,1978,1965,2078.0,0.6,detected,1.8745355521171452,5.6000000000000005,5.6000000000000005,3.869368679123466,3.869368679123466,0.0,0.0,1.0
M0466,S2,lat_lon:45:12:0.3:99.995:global:3,3278,3286,3228,3386.0,0.4,detected,2.1300792401819826,7.85,7.85,2.796783010375685,3.768241597652312,0.0,0.0,1.0
M0467,S2,lat_lon:45:12:0.3:99.995:global:3,1414,1423,1365,1523.0,0.45,detected,2.2204981775148576,4.800000000000001,4.800000000000001,29.881459321212365,29.881459321212365,6.0,18709.280074394515,0.0
M0468,S2,lat_lon:45:12:0.3:99.995:global:3,678,685,627,785.0,0.35,detected,2.152436101278669,5.8500000000000005,5.8500000000000005,20.46899136169335,20.46899136169335,3.0,19062.54675940097,0.0
M0469,S2,lat_lon:45:12:0.3:99.995:global:3,2010,2017,1959,2117.0,0.35,detected,2.0339370104715133,7.85,7.85,2.775424844176669,4.263722893115724,0.0,0.0,1.0
M0470,S2,lat_lon:45:12:0.3:99.995:global:3,3530,3541,3483,3641.0,0.55,detected,2.053250897378056,7.85,7.85,3.1380525824001944,4.991982262792891,0.0,0.0,1.0
M0471,S2,v_gyro:6:6:0.3:999:global:0,3040,3052,3039,3152.0,0.6,detected,2.3080125019543143,5.6000000000000005,5.6000000000000005,2.894063076338874,3.2709108607127653,0.0,0.0,1.0
M0472,S2,lat_lon:45:12:0.3:99.995:global:3,2310,2317,2259,2417.0,0.35,detected,2.3239500150866967,7.85,7.85,2.111872017831641,2.67269175574889,4.0,820.0790405273438,1.0
M0473,S2,lat_lon:45:12:0.3:99.995:global:3,1048,1054,996,1154.0,0.3,detected,2.069227586296704,7.4,7.4,4.723630237135134,5.097804341868701,0.0,0.0,1.0
M0474,S2,lat_lon:45:12:0.3:99.995:global:3,2794,2806,2748,2906.0,0.6,detected,1.7423945298033108,7.85,7.85,3.466007841536581,4.452231690272948,0.0,0.0,1.0
M0475,S2,lat_lon:45:12:0.3:99.995:global:3,1918,1927,1869,2027.0,0.45,detected,1.6939726544095508,7.85,7.85,2.2886742618536453,3.318803277431348,0.0,0.0,1.0
M0476,S2,lat_lon:45:12:0.3:99.995:global:3,2030,2038,1980,2138.0,0.4,detected,25.53507110096237,4.4,4.4,13.594271057412564,13.645002300643707,5.0,15537.520434007867,0.0
M0477,S2,lat_lon:45:12:0.3:99.995:global:3,1312,1321,1263,1421.0,0.45,detected,1.5465824919017055,7.85,7.85,3.122230543235426,4.378611451270785,0.0,0.0,1.0
M0478,S2,lat_lon:45:12:0.3:99.995:global:3,944,952,894,1052.0,0.4,detected,1.2935158890041052,7.85,7.85,2.7701582776785365,3.417460269599476,0.0,0.0,1.0
M0479,S2,lat_lon:45:12:0.3:99.995:global:3,1164,472,414,,-34.6,early,,,,,,,,
M0480,S2,v_gyro:6:6:0.3:999:global:0,2014,2026,2013,2126.0,0.6,detected,1.159680358014837,5.6000000000000005,5.6000000000000005,3.035023157340558,3.879207500986472,0.0,0.0,1.0
M0481,S2,lat_lon:45:12:0.3:99.995:global:3,528,535,477,635.0,0.35,detected,3.2517807440483657,7.85,7.85,0.862200410239051,2.910650471641409,0.0,0.0,1.0
M0482,S2,lat_lon:45:12:0.3:99.995:global:3,1930,1939,1881,2039.0,0.45,detected,2.030331007868479,7.85,7.85,2.350651546133772,3.515648775648869,0.0,0.0,1.0
M0483,S2,lat_lon:45:12:0.3:99.995:global:3,2050,2056,1998,2156.0,0.3,detected,2.032110659988432,7.85,7.85,2.540554016277812,2.916251577952802,0.0,0.0,1.0
M0484,S2,lat_lon:45:12:0.3:99.995:global:3,1792,1801,1743,1901.0,0.45,detected,2.147934031602535,7.85,7.85,4.485794101588559,4.491247913175917,0.0,0.0,1.0
M0485,S2,v_gyro:6:6:0.3:999:global:0,1824,1834,1821,1934.0,0.5,detected,2.0390139191183074,5.6000000000000005,5.6000000000000005,4.427189845969581,4.992458727627239,0.0,0.0,1.0
M0486,S2,lat_lon:45:12:0.3:99.995:global:3,1344,1351,1293,1451.0,0.35,detected,2.0078465146325755,7.85,7.85,2.6526625760666622,4.008710880343533,0.0,0.0,1.0
M0487,S2,lat_lon:45:12:0.3:99.995:global:3,2616,2626,2568,2726.0,0.5,detected,1.0547060293042054,7.85,7.85,1.2003879001681992,3.38620255465127,0.0,0.0,1.0
M0488,S2,lat_lon:45:12:0.3:99.995:global:3,1502,1513,1455,1613.0,0.55,detected,1.2533562112437555,7.85,7.85,3.387207015307441,4.5344815718146405,0.0,0.0,1.0
M0489,S2,lat_lon:45:12:0.3:99.995:global:3,2792,2800,2742,2900.0,0.4,detected,0.9470388293397548,7.85,7.85,2.496941333460351,4.229513499974545,0.0,0.0,1.0
M0490,S2,lat_lon:45:12:0.3:99.995:global:3,2066,2074,2016,2174.0,0.4,detected,1.4492581979822332,7.85,7.85,2.1114329183263294,3.739852869841428,0.0,0.0,1.0
M0491,S2,lat_lon:45:12:0.3:99.995:global:3,1418,1426,1368,1526.0,0.4,detected,2.362776844285513,7.85,7.85,3.4023209004993937,4.224467098595317,0.0,0.0,1.0
M0492,S2,lat_lon:45:12:0.3:99.995:global:3,1210,1219,1161,1319.0,0.45,detected,2.0306638581824266,7.85,7.85,3.078741521129197,3.673779822583358,1.0,335.3162536648636,1.0
M0493,S2,lon_v:45:12:0.3:99.9:global:0,2578,2587,2529,2687.0,0.45,detected,2.2296984271706237,7.85,7.85,3.5885531644778825,4.618536257334665,0.0,0.0,1.0
M0494,S2,lat_lon:45:12:0.3:99.995:global:3,1094,1102,1044,1202.0,0.4,detected,2.3220721564440168,5.4,5.4,4.968127524560478,5.175380577765553,0.0,0.0,1.0
M0495,S2,lat_lon:45:12:0.3:99.995:global:3,792,802,744,902.0,0.5,detected,1.2340100109998775,7.85,7.85,3.606134102506315,4.30502249874463,0.0,0.0,1.0
M0496,S2,v_gyro:6:6:0.3:999:global:0,2002,2014,2001,2114.0,0.6,detected,1.9532200619435491,5.6000000000000005,5.6000000000000005,0.6218362367307241,3.5605734680383287,0.0,0.0,1.0
M0497,S2,v_gyro:6:6:0.3:999:global:0,1644,1654,1641,1754.0,0.5,detected,2.1536253992947545,5.550000000000001,5.550000000000001,5.089063676559469,5.089063676559469,2.0,18786.437289098572,0.0
M0498,S2,v_gyro:6:6:0.3:999:global:0,2946,2956,2943,3056.0,0.5,detected,2.007888796610036,5.6000000000000005,5.6000000000000005,2.93945539017048,3.674237011621645,0.0,0.0,1.0
M0499,S2,lat_lon:45:12:0.3:99.995:global:3,1028,1036,978,1136.0,0.4,detected,1.5513293097378595,7.85,7.85,1.2645200184414174,3.00219136132612,0.0,0.0,1.0
M0500,S2,lat_lon:45:12:0.3:99.995:global:3,2036,2044,1986,2144.0,0.4,detected,2.082481503433784,7.85,7.85,1.933031031942716,2.4171198967694663,0.0,0.0,1.0
M0501,S2,lon_v:45:12:0.3:99.9:global:0,1030,1039,981,1139.0,0.45,detected,2.3193009958432342,7.85,7.85,3.809890814975768,4.575937276192776,0.0,0.0,1.0
M0502,S2,lat_lon:45:12:0.3:99.995:global:3,2946,2956,2898,3056.0,0.5,detected,2.2626163386429368,7.85,7.85,4.1125107987168725,4.782380480642031,0.0,0.0,1.0
M0503,S2,lat_lon:45:12:0.3:99.995:global:3,1882,1891,1833,1991.0,0.45,detected,1.417205564682248,7.85,7.85,1.5728863472049368,3.6639397399815175,0.0,0.0,1.0
M0504,S2,lat_lon:45:12:0.3:99.995:global:3,1998,2005,1947,2105.0,0.35,detected,2.1924407871392573,7.85,7.85,3.761702048622594,4.404311430427203,0.0,0.0,1.0
M0505,S2,lat_lon:45:12:0.3:99.995:global:3,1148,1159,1101,1259.0,0.55,detected,2.255134436267149,7.85,7.85,1.1903672749224248,3.5457252667840744,0.0,0.0,1.0
M0506,S2,lat_lon:45:12:0.3:99.995:global:3,2430,2440,2382,2540.0,0.5,detected,1.6195525252155167,7.85,7.85,2.537649607308836,4.228866070208558,0.0,0.0,1.0
M0507,S2,v_gyro:6:6:0.3:999:global:0,1604,1615,1602,1715.0,0.55,detected,1.7203642722511414,5.6000000000000005,5.6000000000000005,3.2012182176449824,3.77291683776163,0.0,0.0,1.0
M0508,S2,lat_lon:45:12:0.3:99.995:global:3,1050,1057,999,1157.0,0.35,detected,2.2155039118013664,7.85,7.85,4.375199855897339,4.669083244099225,0.0,0.0,1.0
M0509,S2,lat_lon:45:12:0.3:99.995:global:3,2650,2656,2598,2756.0,0.3,detected,2.4050566463497463,7.85,7.85,3.961561132918618,4.539677812007166,0.0,0.0,1.0
M0510,S2,lat_lon:45:12:0.3:99.995:global:3,2208,2215,2157,2315.0,0.35,detected,2.045989838284106,7.85,7.85,1.3156051283014398,3.2071955247192028,0.0,0.0,1.0
M0511,S2,lon_v:45:12:0.3:99.9:global:0,1032,1042,984,1142.0,0.5,detected,2.4259540684937417,7.85,7.85,3.0918149513216986,3.6937649700025705,0.0,0.0,1.0
M0512,S2,v_gyro:6:6:0.3:999:global:0,1004,1015,1002,1115.0,0.55,detected,1.3496993421987102,3.1,3.1,3.346649039232978,5.337782460756612,0.0,0.0,1.0
M0513,S2,lat_lon:45:12:0.3:99.995:global:3,2298,2308,2250,2408.0,0.5,detected,2.069744584554067,7.85,7.85,2.9338426494056127,3.856050388774908,0.0,0.0,1.0
M0514,S2,lon_v:45:12:0.3:99.9:global:0,746,754,696,854.0,0.4,detected,2.2113692079082496,7.85,7.85,2.554650148951383,3.785840270473608,0.0,0.0,1.0
M0515,S2,v_gyro:6:6:0.3:999:global:0,2446,2458,2445,2558.0,0.6,detected,2.4575483758853123,5.6000000000000005,5.6000000000000005,3.552614261961708,4.631608429883869,0.0,0.0,1.0
M0516,S2,v_gyro:6:6:0.3:999:global:0,1438,1450,1437,1550.0,0.6,detected,0.9218812358157316,5.6000000000000005,5.6000000000000005,1.9779534445158409,3.448451409632084,0.0,0.0,1.0
M0517,S2,lat_lon:45:12:0.3:99.995:global:3,870,877,819,977.0,0.35,detected,2.462422222005799,7.85,7.85,2.782330867944529,3.319940013342695,0.0,0.0,1.0
M0518,S2,lat_lon:45:12:0.3:99.995:global:3,1142,1153,1095,1253.0,0.55,detected,2.442648304845122,7.85,7.85,1.7870347733030798,2.9370456532921008,0.0,0.0,1.0
M0519,S2,lon_v:45:12:0.3:99.9:global:0,1010,1018,960,1118.0,0.4,detected,2.4395070419218308,7.85,7.85,0.6643302840358334,2.7045775433458776,0.0,0.0,1.0
M0520,S2,lat_lon:45:12:0.3:99.995:global:3,564,571,513,671.0,0.35,detected,2.6782020635836887,7.85,7.85,1.9055463548411016,3.6697699975916978,0.0,0.0,1.0
M0521,S2,lat_lon:45:12:0.3:99.995:global:3,2158,2167,2109,2267.0,0.45,detected,1.4070139034665488,7.85,7.85,2.384937906079468,4.293898072629401,0.0,0.0,1.0
M0522,S2,lat_lon:45:12:0.3:99.995:global:3,1580,1585,1527,1685.0,0.25,detected,2.0765448677697083,7.85,7.85,1.902534686223533,4.543037292967285,0.0,0.0,1.0
M0523,S2,lon_v:45:12:0.3:99.9:global:0,1240,1249,1191,1349.0,0.45,detected,1.830991956346798,7.85,7.85,2.053378825912732,3.769680180769008,0.0,0.0,1.0
M0524,S2,lat_lon:45:12:0.3:99.995:global:3,824,832,774,932.0,0.4,detected,2.526811914470851,7.85,7.85,4.565211026425731,4.940473325505911,0.0,0.0,1.0
M0525,S2,lat_lon:45:12:0.3:99.995:global:3,2340,2350,2292,2450.0,0.5,detected,2.026292056073709,7.85,7.85,3.2413037197158348,3.415588386970966,0.0,0.0,1.0
M0526,S2,lat_lon:45:12:0.3:99.995:global:3,1902,1909,1851,2009.0,0.35,detected,2.127781664742798,7.85,7.85,3.000397033873955,3.525883085125379,0.0,0.0,1.0
M0527,S2,lat_lon:45:12:0.3:99.995:global:3,838,847,789,947.0,0.45,detected,1.6807656188170677,7.85,7.85,3.783493039508636,3.9703438518435465,6.0,4776.378146334783,1.0
M0528,S2,lat_lon:45:12:0.3:99.995:global:3,1754,1762,1704,1862.0,0.4,detected,1.575157368126645,6.8500000000000005,6.8500000000000005,11.400082142878114,11.400082142878114,9.0,12894.335913531006,0.0
M0529,S2,lon_v:45:12:0.3:99.9:global:0,2182,2194,2136,2294.0,0.6,detected,2.1075195238145104,7.85,7.85,4.528027277779942,4.905874416896286,0.0,0.0,1.0
M0530,S2,lat_lon:45:12:0.3:99.995:global:3,2520,2530,2472,2630.0,0.5,detected,2.7478621613008807,7.85,7.85,1.991192682649597,3.320665199583813,0.0,0.0,1.0
M0531,S2,lat_lon:45:12:0.3:99.995:global:3,2452,2458,2400,2558.0,0.3,detected,3.7744821584267614,7.85,7.85,2.773915414752829,3.7179047206125775,0.0,0.0,1.0
M0532,S2,lat_lon:45:12:0.3:99.995:global:3,572,580,522,680.0,0.4,detected,2.152915177509277,2.85,2.85,48.26602876215326,48.26602876215326,3.0,20004.07683738695,0.0
M0533,S2,v_gyro:6:6:0.3:999:global:0,950,961,948,1061.0,0.55,detected,2.067658794660198,5.6000000000000005,5.6000000000000005,3.78490171997424,4.3843698401579,0.0,0.0,1.0
M0534,S2,v_gyro:6:6:0.3:999:global:0,1532,1543,1530,1643.0,0.55,detected,1.7465733877151384,5.6000000000000005,5.6000000000000005,3.481077014197839,4.563473538099972,0.0,0.0,1.0
M0535,S2,lat_lon:45:12:0.3:99.995:global:3,2120,2128,2070,2228.0,0.4,detected,2.051332154421512,7.85,7.85,2.732585926681616,3.0894197737808424,0.0,0.0,1.0
M0536,S2,lat_lon:45:12:0.3:99.995:global:3,1916,1924,1866,2024.0,0.4,detected,1.3994332466462245,7.85,7.85,2.6566563528326164,4.203252265970367,0.0,0.0,1.0
M0537,S2,lon_v:45:12:0.3:99.9:global:0,2270,2281,2223,2381.0,0.55,detected,2.038302763532445,7.85,7.85,2.714591856172773,4.250270958552232,0.0,0.0,1.0
M0538,S2,v_gyro:6:6:0.3:999:global:0,572,583,570,683.0,0.55,detected,1.339101316867695,5.6000000000000005,5.6000000000000005,0.7364212748658885,2.7765192036810737,0.0,0.0,1.0
M0539,S2,lat_lon:45:12:0.3:99.995:global:3,1056,1066,1008,1166.0,0.5,detected,2.00002249377523,7.85,7.85,2.8278297865640263,3.6086535342305255,0.0,0.0,1.0
M0540,S2,lat_lon:45:12:0.3:99.995:global:3,1130,1141,1083,1241.0,0.55,detected,1.9431208519905168,7.85,7.85,2.818015056448256,3.517510455579084,0.0,0.0,1.0
M0541,S2,v_gyro:6:6:0.3:999:global:0,2790,2800,2787,2900.0,0.5,detected,1.7586172320916396,5.6000000000000005,5.6000000000000005,2.362116616924747,3.5592261045022493,0.0,0.0,1.0
M0542,S2,lat_lon:45:12:0.3:99.995:global:3,1468,1477,1419,1577.0,0.45,detected,2.0042265381410265,7.85,7.85,3.373862722740786,4.226636847641961,0.0,0.0,1.0
M0543,S2,lat_lon:45:12:0.3:99.995:global:3,2120,2128,2070,2228.0,0.4,detected,2.10098784978186,1.4,1.4,3.1766096596852247,5.379469452031775,0.0,0.0,1.0
M0544,S2,lat_lon:45:12:0.3:99.995:global:3,2780,2791,2733,2891.0,0.55,detected,1.4084854123992625,7.85,7.85,3.1429403346966867,4.619005087535712,0.0,0.0,1.0
M0545,S2,lat_lon:45:12:0.3:99.995:global:3,3292,3304,3246,3404.0,0.6,detected,2.143115366222773,4.1000000000000005,4.1000000000000005,3.66707939606876,5.243561239075569,0.0,0.0,1.0
M0546,S2,lon_v:45:12:0.3:99.9:global:0,2210,2221,2163,2321.0,0.55,detected,1.636877816061753,7.85,7.85,1.7990036531695053,3.749051785897045,0.0,0.0,1.0
M0547,S2,v_gyro:6:6:0.3:999:global:0,2328,2338,2325,2438.0,0.5,detected,4.049714492608008,5.6000000000000005,5.6000000000000005,3.901480473609969,4.427548461614004,0.0,0.0,1.0
M0548,S2,v_gyro:6:6:0.3:999:global:0,2494,2506,2493,2606.0,0.6,detected,2.055169630218556,5.6000000000000005,5.6000000000000005,1.1269972232188186,3.2935710499051627,0.0,0.0,1.0
M0549,S2,lat_lon:45:12:0.3:99.995:global:3,1508,1516,1458,1616.0,0.4,detected,2.1847786508003595,6.15,6.15,17.594360802388334,17.594360802388334,6.0,18110.523021861714,0.0
M0550,S2,lat_lon:45:12:0.3:99.995:global:3,2040,2050,1992,2150.0,0.5,detected,,7.85,7.85,1.6923429067557767,3.718343850756881,0.0,0.0,1.0
M0551,S2,lat_lon:45:12:0.3:99.995:global:3,1064,1075,1017,1175.0,0.55,detected,2.3175160173656804,7.85,7.85,3.5459066880379035,4.058556692332033,0.0,0.0,1.0
M0552,S2,lat_lon:45:12:0.3:99.995:global:3,1668,1678,1620,1778.0,0.5,detected,2.0762404559216274,7.85,7.85,2.369253327171411,3.3408200345264496,0.0,0.0,1.0
M0553,S2,lat_lon:45:12:0.3:99.995:global:3,766,775,717,875.0,0.45,detected,2.032030081075045,7.85,7.85,2.6264120218240965,3.899591495208326,0.0,0.0,1.0
M0554,S2,lat_lon:45:12:0.3:99.995:global:3,1824,1834,1776,1934.0,0.5,detected,1.1082072530735132,7.85,7.85,2.310091070360889,3.4331129971020378,0.0,0.0,1.0
M0555,S2,lat_lon:45:12:0.3:99.995:global:3,2808,2815,2757,2915.0,0.35,detected,2.1001111079496564,7.85,7.85,2.884508832498059,3.2592922975455663,1.0,702.614685064365,1.0
M0556,S2,lat_lon:45:12:0.3:99.995:global:3,1108,1117,1059,1217.0,0.45,detected,2.142907447749171,7.85,7.85,2.8552696768389008,3.038474257968349,0.0,0.0,1.0
M0557,S2,lat_lon:45:12:0.3:99.995:global:3,2764,2773,2715,2873.0,0.45,detected,2.110434819139709,7.85,7.85,3.6153750089221264,3.8594632775551,0.0,0.0,1.0
M0558,S2,v_gyro:6:6:0.3:999:global:0,2072,2083,2070,2183.0,0.55,detected,2.074297220447822,5.6000000000000005,5.6000000000000005,4.5876687362084585,4.979303455510595,0.0,0.0,1.0
M0559,S2,lat_lon:45:12:0.3:99.995:global:3,1606,1615,1557,1715.0,0.45,detected,1.8115491399606287,7.85,7.85,2.2118514180879694,3.714732687616574,0.0,0.0,1.0
M0560,S2,lat_lon:45:12:0.3:99.995:global:3,1622,1630,1572,1730.0,0.4,detected,1.3567659471681444,7.85,7.85,1.0936545497311596,2.751876027925006,0.0,0.0,1.0
M0561,S2,lat_lon:45:12:0.3:99.995:global:3,2356,2365,2307,2465.0,0.45,detected,1.598622577965836,7.85,7.85,3.812324227700029,3.812324227700029,0.0,0.0,1.0
M0562,S2,lat_lon:45:12:0.3:99.995:global:3,1420,1429,1371,1529.0,0.45,detected,2.0240172405486456,7.85,7.85,2.0696186214259256,2.400632660690262,0.0,0.0,1.0
M0563,S2,lat_lon:45:12:0.3:99.995:global:3,1242,1249,1191,1349.0,0.35,detected,1.699547328317103,7.85,7.85,2.9419038959755626,3.203874182614024,0.0,0.0,1.0
M0564,S2,lat_lon:45:12:0.3:99.995:global:3,2538,2548,2490,2648.0,0.5,detected,1.4484855191486374,7.85,7.85,2.2093756670427345,3.130831344578205,0.0,0.0,1.0
M0565,S2,lat_lon:45:12:0.3:99.995:global:3,1464,1438,1380,,-1.3,early,,,,,,,,
M0566,S2,lat_lon:45:12:0.3:99.995:global:3,2412,427,369,,-99.25,early,,,,,,,,
M0567,S2,lat_lon:45:12:0.3:99.995:global:3,3542,3550,3492,3650.0,0.4,detected,0.7360379429864676,5.550000000000001,5.550000000000001,3.4608192596071707,5.000958117780562,0.0,0.0,1.0
M0568,S2,lat_lon:45:12:0.3:99.995:global:3,1960,1969,1911,2069.0,0.45,detected,2.297687221159872,7.85,7.85,3.9218932608894255,4.380628505213456,0.0,0.0,1.0
M0569,S2,lat_lon:45:12:0.3:99.995:global:3,1540,1549,1491,1649.0,0.45,detected,2.2065557334010366,7.85,7.85,3.507227973111262,4.631665813120279,0.0,0.0,1.0
M0570,S2,lat_lon:45:12:0.3:99.995:global:3,690,700,642,800.0,0.5,detected,2.2651926575609287,7.85,7.85,1.7603510444552948,3.3956273168543905,0.0,0.0,1.0
M0571,S2,lat_lon:45:12:0.3:99.995:global:3,2546,2557,2499,2657.0,0.55,detected,2.1064101217305797,7.85,7.85,3.52488156754808,4.170859504552083,0.0,0.0,1.0
M0572,S2,lat_lon:45:12:0.3:99.995:global:3,1322,1330,1272,1430.0,0.4,detected,40.171911882161815,2.6,2.6,21.191030534976843,21.191030534976843,14.0,20677.94922529517,0.0
M0573,S2,lat_lon:45:12:0.3:99.995:global:3,538,547,489,647.0,0.45,detected,2.0218862196796006,7.85,7.85,4.230769593470623,4.594559420690048,0.0,0.0,1.0
M0574,S2,lat_lon:45:12:0.3:99.995:global:3,2522,2530,2472,2630.0,0.4,detected,1.0911542123808946,7.85,7.85,2.32285165887492,3.739491189423073,0.0,0.0,1.0
M0575,S2,v_gyro:6:6:0.3:999:global:0,636,646,633,746.0,0.5,detected,2.14958703009553,5.6000000000000005,5.6000000000000005,2.638211519865971,3.930453575304644,0.0,0.0,1.0
M0576,S2,v_gyro:6:6:0.3:999:global:0,3440,3451,3438,3551.0,0.55,detected,3.2744700791192503,5.6000000000000005,5.6000000000000005,3.91918766600642,4.808997800595038,0.0,0.0,1.0
M0577,S2,lat_lon:45:12:0.3:99.995:global:3,1732,1741,1683,1841.0,0.45,detected,1.2081739801091678,7.85,7.85,2.583730494719756,3.3512468801242936,0.0,0.0,1.0
M0578,S2,v_gyro:6:6:0.3:999:global:0,2160,2170,2157,2270.0,0.5,detected,2.093533595165865,5.6000000000000005,5.6000000000000005,2.9631936107139736,3.7665026114914486,0.0,0.0,1.0
M0579,S2,lat_lon:45:12:0.3:99.995:global:3,1004,1012,954,1112.0,0.4,detected,2.204193523836798,7.85,7.85,1.3956402852874858,3.7589422235155374,0.0,0.0,1.0
M0580,S2,lat_lon:45:12:0.3:99.995:global:3,1680,1690,1632,1790.0,0.5,detected,1.9661966886596585,7.85,7.85,2.98434122157054,3.94928845048218,0.0,0.0,1.0
M0581,S2,lat_lon:45:12:0.3:99.995:global:3,1892,1900,1842,2000.0,0.4,detected,2.065403999424389,7.85,7.85,3.082496517261016,3.667639589094037,0.0,0.0,1.0
M0582,S2,lon_v:45:12:0.3:99.9:global:0,1080,1087,1029,1187.0,0.35,detected,2.175534993783542,7.85,7.85,2.883340071226536,4.051035108257525,0.0,0.0,1.0
M0583,S2,lat_lon:45:12:0.3:99.995:global:3,1696,1705,1647,1805.0,0.45,detected,2.135818941119958,7.85,7.85,3.6263755886642457,4.000758033993713,0.0,0.0,1.0
M0584,S2,lon_v:45:12:0.3:99.9:global:0,1798,1810,1752,1910.0,0.6,detected,2.171968212518107,7.85,7.85,2.217155053002066,3.30438372481144,0.0,0.0,1.0
M0585,S2,lat_lon:45:12:0.3:99.995:global:3,1034,1042,984,1142.0,0.4,detected,2.642464424101334,6.9,6.9,4.825313088963707,5.270477228409589,0.0,0.0,1.0
M0586,S2,v_gyro:6:6:0.3:999:global:0,2310,2320,2307,2420.0,0.5,detected,2.1511288524082075,5.6000000000000005,5.6000000000000005,3.298836365839306,4.436872175748223,0.0,0.0,1.0
M0587,S2,lon_v:45:12:0.3:99.9:global:0,2420,2431,2373,2531.0,0.55,detected,12.475364281967256,7.85,7.85,0.4316340768809757,4.632121024732719,0.0,0.0,1.0
M0588,S2,lon_v:45:12:0.3:99.9:global:0,1376,1384,1326,1484.0,0.4,detected,1.1340823953224983,7.85,7.85,1.613761840420722,3.8389754006188745,0.0,0.0,1.0
M0589,S2,v_gyro:6:6:0.3:999:global:0,3122,3133,3120,3233.0,0.55,detected,2.2989861568725463,5.6000000000000005,5.6000000000000005,2.202508710380545,2.6869863421539684,0.0,0.0,1.0
M0590,S2,lat_lon:45:12:0.3:99.995:global:3,1736,1744,1686,1844.0,0.4,detected,2.2146879080571016,1.4,1.4,2.8715959978659367,5.311590666012636,0.0,0.0,1.0
M0591,S2,v_gyro:6:6:0.3:999:global:0,2816,2827,2814,2927.0,0.55,detected,2.1926934305857237,5.6000000000000005,5.6000000000000005,3.4366990548581384,3.4366990548581384,0.0,0.0,1.0
M0592,S2,lat_lon:45:12:0.3:99.995:global:3,1560,1567,1509,1667.0,0.35,detected,2.001954007149217,7.85,7.85,3.1506588248658773,4.194292182391196,0.0,0.0,1.0
M0593,S2,lon_v:45:12:0.3:99.9:global:0,1232,1243,1185,1343.0,0.55,detected,2.327378844151604,7.85,7.85,3.0094325965263344,4.131081864488589,0.0,0.0,1.0
M0594,S2,v_gyro:6:6:0.3:999:global:0,2394,2404,2391,2504.0,0.5,detected,1.4381216901210017,5.6000000000000005,5.6000000000000005,3.347451982218172,3.947141709785583,0.0,0.0,1.0
M0595,S2,lat_lon:45:12:0.3:99.995:global:3,2386,2395,2337,2495.0,0.45,detected,2.1261415701602244,3.8,3.8,42.72027998586877,42.72027998586877,11.0,21616.766955012918,0.0
M0596,S2,lon_v:45:12:0.3:99.9:global:0,2842,2854,2796,2954.0,0.6,detected,2.041107346803021,7.85,7.85,4.1489914554214025,4.1489914554214025,0.0,0.0,1.0
M0597,S2,v_gyro:6:6:0.3:999:global:0,980,991,978,1091.0,0.55,detected,2.020365775488496,5.6000000000000005,5.6000000000000005,0.8368193933696477,3.2575415026594574,0.0,0.0,1.0
M0598,S2,lat_lon:45:12:0.3:99.995:global:3,1984,1996,1938,2096.0,0.6,detected,2.037312454387467,7.85,7.85,2.0142110178257706,2.934634999739062,0.0,0.0,1.0
M0599,S2,lat_lon:45:12:0.3:99.995:global:3,1412,1420,1362,1520.0,0.4,detected,2.2023272064773027,3.5500000000000003,3.5500000000000003,3.459657922458759,5.328985082255874,0.0,0.0,1.0
M0600,S3,v_gyro:6:6:0.3:999:global:0,2762,2773,2760,2933.0,0.55,detected,1.4670296897013464,8.6,8.6,1.4505458837433738,3.158664274289047,0.0,0.0,1.0
M0601,S3,v_gyro:6:6:0.3:999:global:0,1480,1492,1479,1652.0,0.6,detected,1.852564726960199,8.6,8.6,1.0660010272463878,3.5380798449828483,0.0,0.0,1.0
M0602,S3,v_gyro:6:6:0.3:999:global:0,5166,5176,5163,5336.0,0.5,detected,2.132488486438227,8.6,8.6,2.2490208076599787,3.4138610623071868,0.0,0.0,1.0
M0603,S3,v_gyro:6:6:0.3:999:global:0,1490,1501,1488,1661.0,0.55,detected,2.038977125385906,8.6,8.6,3.5812293067605143,3.977595448558313,0.0,0.0,1.0
M0604,S3,v_gyro:6:6:0.3:999:global:0,2252,2263,2250,2423.0,0.55,detected,1.2957971917682043,8.6,8.6,1.4636316249106325,3.3753644349286005,0.0,0.0,1.0
M0605,S3,v_gyro:6:6:0.3:999:global:0,4678,4690,4677,4850.0,0.6,detected,2.65721130828436,8.6,8.6,3.363680373846514,4.741075120255838,0.0,0.0,1.0
M0606,S3,v_gyro:6:6:0.3:999:global:0,4452,4462,4449,4622.0,0.5,detected,2.005014135039695,8.6,8.6,1.9056774341706764,3.278945015597176,0.0,0.0,1.0
M0607,S3,v_gyro:6:6:0.3:999:global:0,4106,4117,4104,4277.0,0.55,detected,2.2127437551800355,8.6,8.6,2.980018084874077,3.771125516677345,0.0,0.0,1.0
M0608,S3,v_gyro:6:6:0.3:999:global:0,3232,3244,3231,3404.0,0.6,detected,1.8749526516646275,8.6,8.6,2.954087371165316,3.6677046626367216,0.0,0.0,1.0
M0609,S3,v_gyro:6:6:0.3:999:global:0,2450,2461,2448,2621.0,0.55,detected,1.950454841643276,8.6,8.6,2.662150876254585,3.3279473543443774,0.0,0.0,1.0
M0610,S3,v_gyro:6:6:0.3:999:global:0,4534,4546,4533,4706.0,0.6,detected,2.125588253131831,8.6,8.6,2.7172200297696785,4.229618519216036,0.0,0.0,1.0
M0611,S3,v_gyro:6:6:0.3:999:global:0,2268,2278,2265,2438.0,0.5,detected,1.0219488888276755,8.6,8.6,2.465669095400798,3.3268643480063584,0.0,0.0,1.0
M0612,S3,v_gyro:6:6:0.3:999:global:0,4334,4345,4332,4505.0,0.55,detected,2.0411551649935427,8.6,8.6,2.762973560798905,3.319293008055386,0.0,0.0,1.0
M0613,S3,v_gyro:6:6:0.3:999:global:0,1782,1792,1779,1952.0,0.5,detected,3.878878829216817,8.6,8.6,1.1482428493107808,3.619173184776348,0.0,0.0,1.0
M0614,S3,v_gyro:6:6:0.3:999:global:0,4250,4261,4248,4421.0,0.55,detected,2.1336740431326557,6.300000000000001,6.300000000000001,24.664422657494164,24.664422657494164,6.0,19256.21095355066,0.0
M0615,S3,v_gyro:6:6:0.3:999:global:0,1788,1798,1785,1958.0,0.5,detected,2.806955607481112,8.6,8.6,2.2678671219590485,3.2251758880345824,0.0,0.0,1.0
M0616,S3,v_gyro:6:6:0.3:999:global:0,1166,1177,1164,1337.0,0.55,detected,2.116702924930501,8.6,8.6,3.2636280326083,4.326440219791692,0.0,0.0,1.0
M0617,S3,v_gyro:6:6:0.3:999:global:0,2208,2218,2205,2378.0,0.5,detected,1.704421743209043,8.6,8.6,2.700885655119908,3.1528813961532265,0.0,0.0,1.0
M0618,S3,v_gyro:6:6:0.3:999:global:0,1236,1246,1233,1406.0,0.5,detected,2.433932885738385,8.6,8.6,3.75627796483474,4.517419332941893,0.0,0.0,1.0
M0619,S3,v_gyro:6:6:0.3:999:global:0,3806,3817,3804,3977.0,0.55,detected,2.0604014899611016,8.6,8.6,1.972228828037834,3.0931677351672024,0.0,0.0,1.0
M0620,S3,v_gyro:6:6:0.3:999:global:0,2004,2014,2001,2174.0,0.5,detected,2.0179570610258915,8.6,8.6,2.440256910939447,4.194665509520327,0.0,0.0,1.0
M0621,S3,v_gyro:6:6:0.3:999:global:0,3702,3712,3699,3872.0,0.5,detected,2.0211439484262503,8.6,8.6,2.8861467815397623,4.350983129325035,0.0,0.0,1.0
M0622,S3,v_gyro:6:6:0.3:999:global:0,4372,4384,4371,4544.0,0.6,detected,2.326064225521021,8.6,8.6,2.2219452020763573,3.5880069236173098,0.0,0.0,1.0
M0623,S3,v_gyro:6:6:0.3:999:global:0,1452,1462,1449,1622.0,0.5,detected,1.0627330804114767,8.6,8.6,2.9585361163392423,3.625920463697167,0.0,0.0,1.0
M0624,S3,v_gyro:6:6:0.3:999:global:0,4834,4846,4833,5006.0,0.6,detected,2.49659717919652,8.6,8.6,3.1356271747976345,4.709988913782357,0.0,0.0,1.0
M0625,S3,v_gyro:6:6:0.3:999:global:0,2154,2164,2151,2324.0,0.5,detected,2.0554591137177063,8.6,8.6,3.1149648647523107,4.140975822756115,0.0,0.0,1.0
M0626,S3,v_gyro:6:6:0.3:999:global:0,3802,3814,3801,3974.0,0.6,detected,2.26035423822,8.6,8.6,3.7155603859774593,3.903102189215918,0.0,0.0,1.0
M0627,S3,v_gyro:6:6:0.3:999:global:0,2166,2176,2163,2336.0,0.5,detected,2.507548891251275,8.6,8.6,1.0929708682270007,2.5724677778243947,0.0,0.0,1.0
M0628,S3,v_gyro:6:6:0.3:999:global:0,4040,4051,4038,4211.0,0.55,detected,2.093025202292732,8.6,8.6,1.6766165786329594,2.943566826994759,0.0,0.0,1.0
M0629,S3,v_gyro:6:6:0.3:999:global:0,2994,3004,2991,3164.0,0.5,detected,2.041602550815016,8.6,8.6,3.117545934909661,3.74399821749084,0.0,0.0,1.0
M0630,S3,v_gyro:6:6:0.3:999:global:0,2956,2968,2955,3128.0,0.6,detected,2.725851365958364,8.6,8.6,1.423623720501701,4.2247462661576645,1.0,854.9050293019836,1.0
M0631,S3,v_gyro:6:6:0.3:999:global:0,2314,2326,2313,2486.0,0.6,detected,2.015909540443239,8.6,8.6,2.7339083914567297,2.8176800929637857,0.0,0.0,1.0
M0632,S3,v_gyro:6:6:0.3:999:global:0,2094,2104,2091,2264.0,0.5,detected,2.107986491417025,8.6,8.6,3.119254662273862,4.212720527104881,0.0,0.0,1.0
M0633,S3,v_gyro:6:6:0.3:999:global:0,2938,2950,2937,3110.0,0.6,detected,2.133126938668951,8.6,8.6,1.9894850428446944,3.38072186544708,0.0,0.0,1.0
M0634,S3,lat_lon:45:12:0.3:99.995:global:3,3396,868,810,,-126.4,early,,,,,,,,
M0635,S3,v_gyro:6:6:0.3:999:global:0,5306,5317,5304,5477.0,0.55,detected,1.696771734486083,4.55,4.55,41.8261803644808,41.8261803644808,6.0,18215.116949254556,0.0
M0636,S3,v_gyro:6:6:0.3:999:global:0,1256,1267,1254,1427.0,0.55,detected,2.26868246892423,8.55,8.55,5.271541213494072,5.271541213494072,3.0,18774.790839056128,0.0
M0637,S3,v_gyro:6:6:0.3:999:global:0,2534,2545,2532,2705.0,0.55,detected,2.465615534088868,8.6,8.6,3.63629000329016,4.608207496986155,0.0,0.0,1.0
M0638,S3,v_gyro:6:6:0.3:999:global:0,1980,1990,1977,2150.0,0.5,detected,2.027551431891645,8.6,8.6,2.6036931244729105,3.23367329829306,0.0,0.0,1.0
M0639,S3,v_gyro:6:6:0.3:999:global:0,1062,1072,1059,1232.0,0.5,detected,2.067232617326232,8.6,8.6,2.254055167778171,2.9770150645960656,0.0,0.0,1.0
M0640,S3,v_gyro:6:6:0.3:999:global:0,4034,4045,4032,4205.0,0.55,detected,2.5060518012606074,8.6,8.6,3.9635225011325455,4.685509989232429,0.0,0.0,1.0
M0641,S3,v_gyro:6:6:0.3:999:global:0,3140,3151,3138,3311.0,0.55,detected,2.020812840722367,6.8500000000000005,6.8500000000000005,14.499990160344224,14.499990160344224,9.0,13760.291747198526,0.0
M0642,S3,v_gyro:6:6:0.3:999:global:0,2942,2953,2940,3113.0,0.55,detected,2.6275895935495472,8.6,8.6,1.9034393696524776,3.257839725653139,0.0,0.0,1.0
M0643,S3,v_gyro:6:6:0.3:999:global:0,4720,4732,4719,4892.0,0.6,detected,1.0083467827125312,8.6,8.6,3.615387538859213,3.802831336574768,0.0,0.0,1.0
M0644,S3,v_gyro:6:6:0.3:999:global:0,3292,3304,3291,3464.0,0.6,detected,2.0959209222288973,8.6,8.6,2.9859669980215013,3.713491533226674,0.0,0.0,1.0
M0645,S3,v_gyro:6:6:0.3:999:global:0,2442,2452,2439,2612.0,0.5,detected,2.1630681761628643,8.6,8.6,3.5293353732055714,3.87631997053511,0.0,0.0,1.0
M0646,S3,v_gyro:6:6:0.3:999:global:0,4806,4816,4803,4976.0,0.5,detected,2.1262512904716773,8.6,8.6,3.4706003700108625,3.7914794488796177,1.0,283.9679870628794,1.0
M0647,S3,v_gyro:6:6:0.3:999:global:0,1658,1669,1656,1829.0,0.55,detected,2.5577869971518665,8.6,8.6,1.1113544700467208,3.47025826738216,0.0,0.0,1.0
M0648,S3,v_gyro:6:6:0.3:999:global:0,4366,4378,4365,4538.0,0.6,detected,2.112068498231748,8.6,8.6,2.3437456093502003,3.715454816224931,0.0,0.0,1.0
M0649,S3,v_gyro:6:6:0.3:999:global:0,4412,4423,4410,4583.0,0.55,detected,2.0815377707385454,8.6,8.6,2.332025902333,3.3424711497585395,0.0,0.0,1.0
M0650,S3,lat_lon:45:12:0.3:99.995:global:3,3342,1477,1419,,-93.25,early,,,,,,,,
M0651,S3,v_gyro:6:6:0.3:999:global:0,1294,1306,1293,1466.0,0.6,detected,2.1673586203473536,8.6,8.6,2.982704282771226,3.2205910629417924,0.0,0.0,1.0
M0652,S3,v_gyro:6:6:0.3:999:global:0,2942,2953,2940,3113.0,0.55,detected,1.3740388581596492,8.6,8.6,1.346279536437395,2.744387450552869,0.0,0.0,1.0
M0653,S3,v_gyro:6:6:0.3:999:global:0,4564,4576,4563,4736.0,0.6,detected,4.660906093281252,8.6,8.6,1.21461884210611,4.776693408419848,0.0,0.0,1.0
M0654,S3,v_gyro:6:6:0.3:999:global:0,3148,3160,3147,3320.0,0.6,detected,2.666637087970318,8.6,8.6,1.2602568950795252,4.384938154268395,0.0,0.0,1.0
M0655,S3,v_gyro:6:6:0.3:999:global:0,1692,1702,1689,1862.0,0.5,detected,2.5053364622936174,8.6,8.6,0.5271775922661034,3.9514411231396944,0.0,0.0,1.0
M0656,S3,v_gyro:6:6:0.3:999:global:0,3566,3577,3564,3737.0,0.55,detected,1.0027702361382391,8.6,8.6,1.1421641597760055,3.198057712384016,0.0,0.0,1.0
M0657,S3,v_gyro:6:6:0.3:999:global:0,2760,2770,2757,2930.0,0.5,detected,2.475894983727176,8.6,8.6,3.279337368573778,4.158250413480159,0.0,0.0,1.0
M0658,S3,v_gyro:6:6:0.3:999:global:0,4802,4813,4800,4973.0,0.55,detected,2.035874627857777,6.8500000000000005,6.8500000000000005,19.07709646770888,19.07709646770888,2.0,18350.98152370426,0.0
M0659,S3,v_gyro:6:6:0.3:999:global:0,3286,3298,3285,3458.0,0.6,detected,2.4599650284420616,5.25,5.25,4.873295312661609,5.248194026884697,0.0,0.0,1.0
M0660,S3,v_gyro:6:6:0.3:999:global:0,2604,2614,2601,2774.0,0.5,detected,0.8834141029956472,8.6,8.6,2.5219505861860982,3.814281798259508,0.0,0.0,1.0
M0661,S3,v_gyro:6:6:0.3:999:global:0,3526,3538,3525,3698.0,0.6,detected,2.160793380391289,8.6,8.6,2.9560652420351774,4.105831957811507,0.0,0.0,1.0
M0662,S3,v_gyro:6:6:0.3:999:global:0,2532,2542,2529,2702.0,0.5,detected,2.0677990496177974,1.5,1.5,3.405641902128808,5.182899581656162,0.0,0.0,1.0
M0663,S3,v_gyro:6:6:0.3:999:global:0,1316,1327,1314,1487.0,0.55,detected,2.12766133325573,8.6,8.6,3.195740098729261,4.176431868040501,0.0,0.0,1.0
M0664,S3,v_gyro:6:6:0.3:999:global:0,1730,1741,1728,1901.0,0.55,detected,1.1524787264595318,8.6,8.6,3.70108144239682,4.235663032705833,0.0,0.0,1.0
M0665,S3,v_gyro:6:6:0.3:999:global:0,2760,2770,2757,2930.0,0.5,detected,2.2735634319477542,8.6,8.6,1.719138017397439,3.739617514120727,0.0,0.0,1.0
M0666,S3,v_gyro:6:6:0.3:999:global:0,1042,1054,1041,1214.0,0.6,detected,2.1255776665146127,8.6,8.6,2.855709885655784,3.5648281901588748,0.0,0.0,1.0
M0667,S3,v_gyro:6:6:0.3:999:global:0,4276,4288,4275,4448.0,0.6,detected,44.85804491816278,1.15,1.15,8.83830919190829,11.787471509177555,3.0,22868.509117372025,0.0
M0668,S3,v_gyro:6:6:0.3:999:global:0,3376,3388,3375,3548.0,0.6,detected,2.355870586347191,7.85,7.85,4.893139937859879,5.273783315625122,0.0,0.0,1.0
M0669,S3,v_gyro:6:6:0.3:999:global:0,1130,1141,1128,1301.0,0.55,detected,3.7210779987584246,1.3,1.3,1.5339904140336595,5.627495099709014,0.0,0.0,1.0
M0670,S3,v_gyro:6:6:0.3:999:global:0,2220,2230,2217,2390.0,0.5,detected,0.9497356327927116,8.6,8.6,2.7461938680058955,3.712905127522417,0.0,0.0,1.0
M0671,S3,v_gyro:6:6:0.3:999:global:0,1740,1750,1737,1910.0,0.5,detected,2.4295351786832025,8.6,8.6,1.3327717703896778,2.1203126887350945,0.0,0.0,1.0
M0672,S3,v_gyro:6:6:0.3:999:global:0,1942,1954,1941,2114.0,0.6,detected,1.9926875225028524,8.6,8.6,2.6950972655633727,2.94553081784024,0.0,0.0,1.0
M0673,S3,v_gyro:6:6:0.3:999:global:0,4002,4012,3999,4172.0,0.5,detected,1.8426435423432093,8.6,8.6,2.9041895057352285,3.1107034956686204,0.0,0.0,1.0
M0674,S3,v_gyro:6:6:0.3:999:global:0,3246,3256,3243,3416.0,0.5,detected,1.930781599973113,8.6,8.6,2.130780143348043,3.296628709188815,0.0,0.0,1.0
M0675,S3,v_gyro:6:6:0.3:999:global:0,2554,2566,2553,2726.0,0.6,detected,5.27539974889851,7.15,7.15,15.156482841717914,15.156482841717914,4.0,12876.472150568621,0.0
M0676,S3,v_gyro:6:6:0.3:999:global:0,3992,4003,3990,4163.0,0.55,detected,2.2803204142452294,8.6,8.6,3.328218931481478,4.420788324172131,0.0,0.0,1.0
M0677,S3,v_gyro:6:6:0.3:999:global:0,4130,4141,4128,4301.0,0.55,detected,2.035531852492122,8.6,8.6,2.732219286099156,3.1115737603871123,0.0,0.0,1.0
M0678,S3,v_gyro:6:6:0.3:999:global:0,4198,4210,4197,4370.0,0.6,detected,2.1764978124112178,8.6,8.6,2.5703243461977485,3.9477818055245497,0.0,0.0,1.0
M0679,S3,v_gyro:6:6:0.3:999:global:0,2060,2071,2058,2231.0,0.55,detected,2.036880398036675,8.6,8.6,4.029336085775118,4.340054065028568,0.0,0.0,1.0
M0680,S3,v_gyro:6:6:0.3:999:global:0,4636,4648,4635,4808.0,0.6,detected,24.40791222281641,1.6,1.6,38.46866407249057,38.46866407249057,7.0,15530.550380132709,0.0
M0681,S3,v_gyro:6:6:0.3:999:global:0,2888,2899,2886,3059.0,0.55,detected,2.1022702050695856,8.6,8.6,2.702760262252633,3.7967726351795297,0.0,0.0,1.0
M0682,S3,v_gyro:6:6:0.3:999:global:0,4700,4711,4698,4871.0,0.55,detected,1.364485297373501,8.6,8.6,1.6958214788799957,3.872663003515216,0.0,0.0,1.0
M0683,S3,v_gyro:6:6:0.3:999:global:0,1446,1456,1443,1616.0,0.5,detected,2.1104667958498027,3.75,3.75,4.896187398873452,6.041753211943066,0.0,0.0,1.0
M0684,S3,v_gyro:6:6:0.3:999:global:0,4788,4798,4785,4958.0,0.5,detected,1.846441738079391,8.6,8.6,2.00541027979231,2.6743300343012844,0.0,0.0,1.0
M0685,S3,v_gyro:6:6:0.3:999:global:0,1674,1684,1671,1844.0,0.5,detected,2.345115230093706,8.6,8.6,2.4908544510748447,4.314188881282305,0.0,0.0,1.0
M0686,S3,lon_v:45:12:0.3:99.9:global:0,1690,82,24,,-80.4,early,,,,,,,,
M0687,S3,v_gyro:6:6:0.3:999:global:0,2824,2836,2823,2996.0,0.6,detected,2.69189568550428,8.6,8.6,2.301130790934676,3.639587623746104,0.0,0.0,1.0
M0688,S3,v_gyro:6:6:0.3:999:global:0,2300,2311,2298,2471.0,0.55,detected,1.4249995882308546,8.6,8.6,3.280587109831421,4.131925138589441,0.0,0.0,1.0
M0689,S3,v_gyro:6:6:0.3:999:global:0,1488,1498,1485,1658.0,0.5,detected,3.894688483965303,1.2000000000000002,1.2000000000000002,7.53787992853385,8.262160407420241,0.0,0.0,0.0
M0690,S3,v_gyro:6:6:0.3:999:global:0,4962,4972,4959,5132.0,0.5,detected,1.4175054544908294,8.6,8.6,2.430109028103598,3.1762031457179645,0.0,0.0,1.0
M0691,S3,v_gyro:6:6:0.3:999:global:0,4622,4633,4620,4793.0,0.55,detected,2.2560310377109767,8.6,8.6,3.407756429881815,4.34446545327698,0.0,0.0,1.0
M0692,S3,v_gyro:6:6:0.3:999:global:0,1028,1039,1026,1199.0,0.55,detected,2.042207779771406,8.6,8.6,2.394577773931358,4.075942485692995,0.0,0.0,1.0
M0693,S3,v_gyro:6:6:0.3:999:global:0,3872,3883,3870,4043.0,0.55,detected,2.2179684633350947,6.9,6.9,5.021893424420831,5.03522948101333,3.0,14782.47884920377,0.0
M0694,S3,v_gyro:6:6:0.3:999:global:0,1756,1768,1755,1928.0,0.6,detected,2.2692352730670997,1.65,1.65,4.5582020858555214,5.231528657959734,0.0,0.0,1.0
M0695,S3,v_gyro:6:6:0.3:999:global:0,3350,3361,3348,3521.0,0.55,detected,2.647715622346077,8.6,8.6,4.329604801795754,4.901352032179181,0.0,0.0,1.0
M0696,S3,v_gyro:6:6:0.3:999:global:0,3582,3592,3579,3752.0,0.5,detected,8.842760084287631,7.0,7.0,1.7786662600449077,5.631134735818616,0.0,0.0,1.0
M0697,S3,v_gyro:6:6:0.3:999:global:0,4350,4360,4347,4520.0,0.5,detected,2.027395297549992,8.6,8.6,3.392258152161399,3.65761409380176,0.0,0.0,1.0
M0698,S3,v_gyro:6:6:0.3:999:global:0,4392,4402,4389,4562.0,0.5,detected,44.22326875799226,1.0,1.0,10.916336369158412,12.662901753618618,4.0,22091.432061937325,0.0
M0699,S3,v_gyro:6:6:0.3:999:global:0,2822,2833,2820,2993.0,0.55,detected,2.09756814620606,2.9000000000000004,2.9000000000000004,3.8776339786397225,5.448645846118358,0.0,0.0,1.0
M0700,S3,v_gyro:6:6:0.3:999:global:0,3350,3361,3348,3521.0,0.55,detected,2.106216976998696,8.6,8.6,4.121063630430279,4.248347681860555,0.0,0.0,1.0
M0701,S3,v_gyro:6:6:0.3:999:global:0,1490,1501,1488,1661.0,0.55,detected,2.009360054736181,8.05,8.05,9.61901900041312,9.61901900041312,3.0,18893.492572612096,0.0
M0702,S3,v_gyro:6:6:0.3:999:global:0,2780,2791,2778,2951.0,0.55,detected,2.0227616708628,8.6,8.6,2.7455971534106096,3.231564425644352,0.0,0.0,1.0
M0703,S3,v_gyro:6:6:0.3:999:global:0,4300,4312,4299,4472.0,0.6,detected,2.185651639857865,8.6,8.6,2.524480215350301,3.2218685537257548,0.0,0.0,1.0
M0704,S3,v_gyro:6:6:0.3:999:global:0,2918,2929,2916,3089.0,0.55,detected,2.526229528082785,8.6,8.6,0.6502873677039336,2.2295052870963645,0.0,0.0,1.0
M0705,S3,v_gyro:6:6:0.3:999:global:0,3248,3259,3246,3419.0,0.55,detected,2.1229596208279,8.6,8.6,3.733370924241215,3.75112581646768,0.0,0.0,1.0
M0706,S3,v_gyro:6:6:0.3:999:global:0,1224,1234,1221,1394.0,0.5,detected,2.690799201449914,5.25,5.25,25.356625400450213,25.356625400450213,12.0,719.2599414840479,0.0
M0707,S3,v_gyro:6:6:0.3:999:global:0,2768,2779,2766,2939.0,0.55,detected,1.900960013379594,8.6,8.6,1.2935660744131248,3.1078445000508754,0.0,0.0,1.0
M0708,S3,v_gyro:6:6:0.3:999:global:0,4638,4648,4635,4808.0,0.5,detected,1.6253466570038,8.6,8.6,1.1871064955767805,2.395669122024687,0.0,0.0,1.0
M0709,S3,v_gyro:6:6:0.3:999:global:0,4616,4627,4614,4787.0,0.55,detected,2.030783888033945,8.6,8.6,2.4817564817031674,3.6391120602539098,0.0,0.0,1.0
M0710,S3,v_gyro:6:6:0.3:999:global:0,4588,4600,4587,4760.0,0.6,detected,2.87867457903526,8.6,8.6,2.361275312181945,3.0603577281265864,0.0,0.0,1.0
M0711,S3,v_gyro:6:6:0.3:999:global:0,3038,3049,3036,3209.0,0.55,detected,2.1086518115403243,8.6,8.6,2.9244347142224134,3.8136189002042618,0.0,0.0,1.0
M0712,S3,v_gyro:6:6:0.3:999:global:0,1452,1462,1449,1622.0,0.5,detected,2.6840907662381204,8.6,8.6,1.7557873285188594,3.628627962263776,0.0,0.0,1.0
M0713,S3,v_gyro:6:6:0.3:999:global:0,1154,1165,1152,1325.0,0.55,detected,2.411176178693717,3.35,3.35,3.5907099178538853,5.088567197463549,0.0,0.0,1.0
M0714,S3,v_gyro:6:6:0.3:999:global:0,1226,1237,1224,1363.0,0.55,detected,1.8125434356845576,6.9,6.9,2.9721763908594867,4.390963902236357,0.0,0.0,1.0
M0715,S3,v_gyro:6:6:0.3:999:global:0,2484,2494,2481,2654.0,0.5,detected,3.708162174385097,1.55,1.55,4.1830424836403095,5.110097402192072,0.0,0.0,1.0
M0716,S3,v_gyro:6:6:0.3:999:global:0,2180,2191,2178,2351.0,0.55,detected,1.6358912571962134,8.6,8.6,2.930379782079453,3.6581216415141946,0.0,0.0,1.0
M0717,S3,v_gyro:6:6:0.3:999:global:0,910,922,909,1082.0,0.6,detected,2.151189031041984,8.6,8.6,3.4576084927338586,3.944601097591199,0.0,0.0,1.0
M0718,S3,v_gyro:6:6:0.3:999:global:0,2394,2404,2391,2564.0,0.5,detected,2.3257485704676286,8.6,8.6,4.390668628412434,4.532963052257091,0.0,0.0,1.0
M0719,S3,v_gyro:6:6:0.3:999:global:0,4754,4765,4752,4925.0,0.55,detected,2.2613164520523386,8.6,8.6,2.284565028256749,2.77766114109251,0.0,0.0,1.0
M0720,S3,v_gyro:6:6:0.3:999:global:0,2220,2230,2217,2390.0,0.5,detected,3.097828136456609,8.6,8.6,0.3401367885499977,3.632161165470978,0.0,0.0,1.0
M0721,S3,v_gyro:6:6:0.3:999:global:0,3284,3295,3282,3455.0,0.55,detected,2.0264071714811065,8.6,8.6,1.794982357931023,3.869607071725292,0.0,0.0,1.0
M0722,S3,v_gyro:6:6:0.3:999:global:0,2024,2035,2022,2195.0,0.55,detected,2.0158233268634547,8.6,8.6,4.365457431261008,4.365457431261008,0.0,0.0,1.0
M0723,S3,v_gyro:6:6:0.3:999:global:0,3542,3553,3540,3713.0,0.55,detected,2.096504640630878,5.0,5.0,36.869546124572864,36.869546124572864,3.0,20230.179825528852,0.0
M0724,S3,v_gyro:6:6:0.3:999:global:0,2538,2548,2535,2708.0,0.5,detected,2.5676099209068592,8.6,8.6,4.17530846134037,4.49057304656505,0.0,0.0,1.0
M0725,S3,v_gyro:6:6:0.3:999:global:0,2574,2584,2571,2744.0,0.5,detected,3.3441255954812705,8.6,8.6,0.7031229568721902,3.683118795451405,0.0,0.0,1.0
M0726,S3,v_gyro:6:6:0.3:999:global:0,1884,1894,1881,2054.0,0.5,detected,2.094124906223968,8.6,8.6,1.625663581760488,3.6643443746470896,0.0,0.0,1.0
M0727,S3,v_gyro:6:6:0.3:999:global:0,4192,4204,4191,4364.0,0.6,detected,2.012619834783362,8.6,8.6,2.553078479868755,3.707278127640728,0.0,0.0,1.0
M0728,S3,v_gyro:6:6:0.3:999:global:0,3854,3865,3852,4025.0,0.55,detected,1.3511572371168423,3.2,3.2,2.9274818026643348,5.280999818616109,0.0,0.0,1.0
M0729,S3,v_gyro:6:6:0.3:999:global:0,4258,4270,4257,4430.0,0.6,detected,2.1549013194680464,8.6,8.6,3.441022697964353,4.573283813127778,0.0,0.0,1.0
M0730,S3,v_gyro:6:6:0.3:999:global:0,2744,2755,2742,2915.0,0.55,detected,1.6324918887604687,8.6,8.6,2.9592172688081684,2.9592172688081684,0.0,0.0,1.0
M0731,S3,v_gyro:6:6:0.3:999:global:0,1958,1969,1956,2129.0,0.55,detected,,8.6,8.6,2.8793863128263006,3.56522976320778,0.0,0.0,1.0
M0732,S3,v_gyro:6:6:0.3:999:global:0,4600,4612,4599,4772.0,0.6,detected,2.076257106918012,8.6,8.6,3.2795489457479947,3.781930447042328,0.0,0.0,1.0
M0733,S3,v_gyro:6:6:0.3:999:global:0,4204,4216,4203,4376.0,0.6,detected,2.3715265292375958,7.9,7.9,9.286349875239676,9.286349875239676,2.0,17871.61561646568,0.0
M0734,S3,v_gyro:6:6:0.3:999:global:0,4046,4057,4044,4217.0,0.55,detected,3.556659843713338,8.6,8.6,0.4355180757180397,3.999113921565627,0.0,0.0,1.0
M0735,S3,v_gyro:6:6:0.3:999:global:0,2952,2962,2949,3122.0,0.5,detected,2.9216160250353718,8.6,8.6,0.8369840490215037,3.6437287603688655,0.0,0.0,1.0
M0736,S3,v_gyro:6:6:0.3:999:global:0,4302,4312,4299,4472.0,0.5,detected,3.350382181989387,8.55,8.55,1.3652742105116933,3.873806335014197,0.0,0.0,1.0
M0737,S3,v_gyro:6:6:0.3:999:global:0,1620,1630,1617,1790.0,0.5,detected,1.780332739850346,8.6,8.6,3.6585059426771513,4.744923622871191,0.0,0.0,1.0
M0738,S3,v_gyro:6:6:0.3:999:global:0,3694,3706,3693,3866.0,0.6,detected,1.1714668438870597,8.6,8.6,2.580454439459165,4.125874195102094,0.0,0.0,1.0
M0739,S3,v_gyro:6:6:0.3:999:global:0,3628,3640,3627,3800.0,0.6,detected,2.324415662587461,8.6,8.6,3.600975281705125,4.9852727212557255,0.0,0.0,1.0
M0740,S3,v_gyro:6:6:0.3:999:global:0,3704,3715,3702,3875.0,0.55,detected,2.001341761554028,8.6,8.6,2.5131263400017136,3.852639014188844,0.0,0.0,1.0
M0741,S3,v_gyro:6:6:0.3:999:global:0,3864,3874,3861,4034.0,0.5,detected,2.118768953000614,8.6,8.6,2.350944571556882,3.0112805729313625,0.0,0.0,1.0
M0742,S3,lon_v:45:12:0.3:99.9:global:0,3802,82,24,,-186.0,early,,,,,,,,
M0743,S3,v_gyro:6:6:0.3:999:global:0,4672,4684,4671,4844.0,0.6,detected,2.1261246368641733,8.0,8.0,10.122328513711516,10.122328513711516,2.0,18207.123027836824,0.0
M0744,S3,v_gyro:6:6:0.3:999:global:0,1896,1906,1893,2066.0,0.5,detected,1.5149251791445757,8.6,8.6,3.317753480608914,4.177348901019593,0.0,0.0,1.0
M0745,S3,v_gyro:6:6:0.3:999:global:0,1822,1834,1821,1994.0,0.6,detected,2.06714809784971,8.6,8.6,2.9224386138933185,3.184798234880999,0.0,0.0,1.0
M0746,S3,v_gyro:6:6:0.3:999:global:0,1154,1165,1152,1325.0,0.55,detected,2.255478497558199,8.6,8.6,2.908466819147103,4.5002670228143895,0.0,0.0,1.0
M0747,S3,v_gyro:6:6:0.3:999:global:0,4684,4696,4683,4856.0,0.6,detected,1.797235067454772,8.6,8.6,2.9494952868635766,4.411113838472939,0.0,0.0,1.0
M0748,S3,v_gyro:6:6:0.3:999:global:0,2896,2908,2895,3068.0,0.6,detected,2.4201848986634094,8.6,8.6,4.020785471725529,4.020785471725529,0.0,0.0,1.0
M0749,S3,v_gyro:6:6:0.3:999:global:0,3380,3391,3378,3551.0,0.55,detected,2.4240483597517195,4.9,4.9,3.0884504234288324,5.472223148275472,0.0,0.0,1.0
M0750,S3,v_gyro:6:6:0.3:999:global:0,1750,1762,1749,1922.0,0.6,detected,1.0377030642217446,8.6,8.6,2.035620661800249,4.0496303894897725,0.0,0.0,1.0
M0751,S3,v_gyro:6:6:0.3:999:global:0,1804,1816,1803,1976.0,0.6,detected,2.0487400195198435,8.6,8.6,2.17412344371456,4.567109942454694,0.0,0.0,1.0
M0752,S3,v_gyro:6:6:0.3:999:global:0,2292,2302,2289,2462.0,0.5,detected,2.99616322272713,8.6,8.6,2.1216515504502604,4.77622672921659,0.0,0.0,1.0
M0753,S3,v_gyro:6:6:0.3:999:global:0,4282,4294,4281,4454.0,0.6,detected,2.513791083566048,8.6,8.6,3.716419600073303,4.520213398886094,0.0,0.0,1.0
M0754,S3,v_gyro:6:6:0.3:999:global:0,3528,3538,3525,3698.0,0.5,detected,1.1322086956702553,8.6,8.6,1.708232719623793,3.493697666717082,0.0,0.0,1.0
M0755,S3,v_gyro:6:6:0.3:999:global:0,3164,3175,3162,3335.0,0.55,detected,0.9792775859532552,8.6,8.6,2.126094178831503,4.230338670270019,0.0,0.0,1.0
M0756,S3,v_gyro:6:6:0.3:999:global:0,1428,1438,1425,1598.0,0.5,detected,2.035371565435848,1.35,1.35,4.158995208154669,5.672670682128946,0.0,0.0,1.0
M0757,S3,v_gyro:6:6:0.3:999:global:0,3454,3466,3453,3626.0,0.6,detected,2.4645374738172303,8.6,8.6,3.4639299028253805,4.11412975693444,0.0,0.0,1.0
M0758,S3,v_gyro:6:6:0.3:999:global:0,3878,3889,3876,4049.0,0.55,detected,1.8117581593554173,8.6,8.6,2.921379739245771,3.529623235803314,0.0,0.0,1.0
M0759,S3,v_gyro:6:6:0.3:999:global:0,1316,1327,1314,1487.0,0.55,detected,2.221518121135742,8.6,8.6,2.410931407449244,3.07800774140486,0.0,0.0,1.0
M0760,S3,v_gyro:6:6:0.3:999:global:0,1930,1942,1929,2102.0,0.6,detected,1.956316631345412,6.800000000000001,6.800000000000001,4.008775037673309,5.43283777163434,0.0,0.0,1.0
M0761,S3,v_gyro:6:6:0.3:999:global:0,2318,2329,2316,2489.0,0.55,detected,1.4330013592882394,4.9,4.9,7.123327109271621,7.123327109271621,3.0,15586.055957445747,0.0
M0762,S3,v_gyro:6:6:0.3:999:global:0,3522,3532,3519,3692.0,0.5,detected,2.1010748613300154,8.6,8.6,3.1713710072306287,4.0787679615920815,0.0,0.0,1.0
M0763,S3,v_gyro:6:6:0.3:999:global:0,1826,1837,1824,1997.0,0.55,detected,2.142421245700157,8.6,8.6,3.233694266851981,4.435839543684106,0.0,0.0,1.0
M0764,S3,lat_lon:45:12:0.3:99.995:global:3,2694,2038,1980,,-32.8,early,,,,,,,,
M0765,S3,v_gyro:6:6:0.3:999:global:0,4138,4150,4137,4310.0,0.6,detected,2.3666198674140486,8.200000000000001,8.200000000000001,6.897554987684796,6.897554987684796,3.0,13821.504767452056,0.0
M0766,S3,v_gyro:6:6:0.3:999:global:0,2910,2920,2907,3080.0,0.5,detected,2.055093573691116,8.6,8.6,2.6131266799631194,3.733733210230184,0.0,0.0,1.0
M0767,S3,v_gyro:6:6:0.3:999:global:0,954,964,951,1124.0,0.5,detected,1.7803393412193549,8.6,8.6,1.6369711599474868,2.823534955184132,0.0,0.0,1.0
M0768,S3,v_gyro:6:6:0.3:999:global:0,2546,2557,2544,2717.0,0.55,detected,30.114028305787908,1.2000000000000002,1.2000000000000002,39.88948859578187,39.88948859578187,5.0,21816.54272659835,0.0
M0769,S3,v_gyro:6:6:0.3:999:global:0,3566,3577,3564,3737.0,0.55,detected,2.2014768863773897,8.6,8.6,3.2211686102586747,3.855266393159944,0.0,0.0,1.0
M0770,S3,v_gyro:6:6:0.3:999:global:0,5166,5176,5163,5336.0,0.5,detected,2.1768858199084917,8.6,8.6,3.215452728244026,4.21320617950182,0.0,0.0,1.0
M0771,S3,v_gyro:6:6:0.3:999:global:0,2508,2518,2505,2678.0,0.5,detected,2.0670644166755268,8.6,8.6,1.647128730832751,3.094367174015716,0.0,0.0,1.0
M0772,S3,v_gyro:6:6:0.3:999:global:0,3528,3538,3525,3698.0,0.5,detected,2.037563634918118,8.6,8.6,3.37505397006819,3.8984794471922153,0.0,0.0,1.0
M0773,S3,v_gyro:6:6:0.3:999:global:0,2578,2590,2577,2750.0,0.6,detected,7.2547775994492065,8.1,8.1,3.334221190160608,4.049162417444652,0.0,0.0,1.0
M0774,S3,v_gyro:6:6:0.3:999:global:0,4236,4246,4233,4406.0,0.5,detected,2.0843866839869505,8.6,8.6,2.6083782860469644,3.020145858718735,0.0,0.0,1.0
M0775,S3,v_gyro:6:6:0.3:999:global:0,3902,3913,3900,4073.0,0.55,detected,1.6417262616134087,7.6,7.6,11.92495615474829,11.92495615474829,4.0,13355.444803071543,0.0
M0776,S3,v_gyro:6:6:0.3:999:global:0,3362,3373,3360,3533.0,0.55,detected,2.053060431003976,8.6,8.6,3.345200257083625,4.48236755103792,0.0,0.0,1.0
M0777,S3,v_gyro:6:6:0.3:999:global:0,1966,1978,1965,2138.0,0.6,detected,2.2268926804338047,8.450000000000001,8.450000000000001,5.879221726596459,5.879221726596459,3.0,15764.9121034009,0.0
M0778,S3,v_gyro:6:6:0.3:999:global:0,1202,1213,1200,1373.0,0.55,detected,2.634843154383454,8.6,8.6,2.3655302949016104,3.214339797283798,0.0,0.0,1.0
M0779,S3,v_gyro:6:6:0.3:999:global:0,2962,2974,2961,3134.0,0.6,detected,9.772697360197736,8.5,8.5,1.588453869176862,4.015887514687219,0.0,0.0,1.0
M0780,S3,v_gyro:6:6:0.3:999:global:0,1268,1279,1266,1439.0,0.55,detected,,8.6,8.6,2.98075601515663,4.270929667533145,0.0,0.0,1.0
M0781,S3,v_gyro:6:6:0.3:999:global:0,4526,4537,4524,4697.0,0.55,detected,2.232708839030935,8.6,8.6,3.682867483894381,4.370428395538116,0.0,0.0,1.0
M0782,S3,v_gyro:6:6:0.3:999:global:0,1320,1330,1317,1490.0,0.5,detected,1.9180213851793615,8.6,8.6,3.236794730560712,3.912558843918795,0.0,0.0,1.0
M0783,S3,v_gyro:6:6:0.3:999:global:0,2140,2152,2139,2312.0,0.6,detected,2.3658039315493067,8.6,8.6,3.195747624126952,4.468316079156232,0.0,0.0,1.0
M0784,S3,v_gyro:6:6:0.3:999:global:0,2922,2932,2919,3092.0,0.5,detected,2.2718542668286084,8.6,8.6,1.5032372346228002,4.533298018432097,0.0,0.0,1.0
M0785,S3,v_gyro:6:6:0.3:999:global:0,1050,1060,1047,1220.0,0.5,detected,2.376070479917644,8.6,8.6,2.817660166323122,4.39921609917164,0.0,0.0,1.0
M0786,S3,v_gyro:6:6:0.3:999:global:0,2846,2857,2844,3017.0,0.55,detected,1.5939248287335623,8.6,8.6,2.972997052412964,3.8946390780714575,0.0,0.0,1.0
M0787,S3,v_gyro:6:6:0.3:999:global:0,5110,5122,5109,5282.0,0.6,detected,1.7830969407163966,8.6,8.6,1.4560748783421524,3.254697813511568,0.0,0.0,1.0
M0788,S3,lat_lon:45:12:0.3:99.995:global:3,4918,1489,1431,,-171.45,early,,,,,,,,
M0789,S3,v_gyro:6:6:0.3:999:global:0,3690,3700,3687,3860.0,0.5,detected,2.2169423371119565,8.6,8.6,3.5932000143305487,4.008368868602641,0.0,0.0,1.0
M0790,S3,v_gyro:6:6:0.3:999:global:0,2786,2797,2784,2957.0,0.55,detected,1.4331851359536285,8.6,8.6,2.812682685472099,4.116473593879661,0.0,0.0,1.0
M0791,S3,v_gyro:6:6:0.3:999:global:0,1100,1111,1098,1271.0,0.55,detected,3.4047582758206216,2.45,2.45,2.6594188426769523,7.460243687421777,11.0,471.83585437846756,1.0
M0792,S3,v_gyro:6:6:0.3:999:global:0,2734,2746,2733,2906.0,0.6,detected,2.037965986624303,8.6,8.6,2.099572280890888,2.737761284053102,0.0,0.0,1.0
M0793,S3,v_gyro:6:6:0.3:999:global:0,2996,3007,2994,3167.0,0.55,detected,2.915751024494432,7.95,7.95,4.744792617049809,5.0721115687130975,0.0,0.0,1.0
M0794,S3,v_gyro:6:6:0.3:999:global:0,4920,4930,4917,5090.0,0.5,detected,2.148282475658718,8.6,8.6,2.93130345208315,3.484602083398667,0.0,0.0,1.0
M0795,S3,v_gyro:6:6:0.3:999:global:0,2926,2938,2925,3098.0,0.6,detected,45.55909145155838,1.25,1.25,9.669750703200492,11.051212085326174,2.0,22482.26126239891,0.0
M0796,S3,v_gyro:6:6:0.3:999:global:0,1716,1726,1713,1886.0,0.5,detected,2.018463145051596,8.6,8.6,2.9514450405258934,3.6528864454741217,0.0,0.0,1.0
M0797,S3,v_gyro:6:6:0.3:999:global:0,2526,2536,2523,2696.0,0.5,detected,2.2977342026147327,8.6,8.6,4.554030642692095,4.873292178838329,0.0,0.0,1.0
M0798,S3,v_gyro:6:6:0.3:999:global:0,1162,1174,1161,1300.0,0.6,detected,2.0783750156605056,2.35,2.35,4.798059337284122,6.008438993655645,0.0,0.0,1.0
M0799,S3,v_gyro:6:6:0.3:999:global:0,3936,3946,3933,4106.0,0.5,detected,20.82542069283256,5.050000000000001,5.050000000000001,19.46399034117071,19.46399034117071,22.0,16172.275700156091,0.0
M0800,S3,v_gyro:6:6:0.3:999:global:0,2254,2266,2253,2426.0,0.6,detected,2.236030258691641,1.5,1.5,4.348444586086896,5.772886947641784,0.0,0.0,1.0
M0801,S3,v_gyro:6:6:0.3:999:global:0,4032,4042,4029,4202.0,0.5,detected,1.6492099429466054,8.6,8.6,3.109252941733313,4.862137424258069,0.0,0.0,1.0
M0802,S3,v_gyro:6:6:0.3:999:global:0,1412,1423,1410,1583.0,0.55,detected,4.676113317169106,8.6,8.6,2.473252387387511,4.551856009896963,0.0,0.0,1.0
M0803,S3,v_gyro:6:6:0.3:999:global:0,3774,3784,3771,3944.0,0.5,detected,2.1690975689963623,8.6,8.6,3.5320218709398667,3.5320218709398667,0.0,0.0,1.0
M0804,S3,v_gyro:6:6:0.3:999:global:0,4060,4072,4059,4232.0,0.6,detected,1.728259584201556,8.6,8.6,1.952123450377065,2.590291568247615,0.0,0.0,1.0
M0805,S3,v_gyro:6:6:0.3:999:global:0,3404,3415,3402,3575.0,0.55,detected,1.484228924082483,8.6,8.6,1.4603872670332685,3.598444805906593,0.0,0.0,1.0
M0806,S3,v_gyro:6:6:0.3:999:global:0,1080,1090,1077,1250.0,0.5,detected,1.99538377345052,8.6,8.6,1.3849708032504349,2.854295119877565,0.0,0.0,1.0
M0807,S3,v_gyro:6:6:0.3:999:global:0,2052,2062,2049,2222.0,0.5,detected,2.094726192550373,8.6,8.6,2.9314163467016257,3.0878021268746814,0.0,0.0,1.0
M0808,S3,v_gyro:6:6:0.3:999:global:0,3288,3298,3285,3458.0,0.5,detected,2.080489561192771,8.6,8.6,4.05471907320003,4.393752248090529,0.0,0.0,1.0
M0809,S3,v_gyro:6:6:0.3:999:global:0,2122,2134,2121,2294.0,0.6,detected,2.1166284179282573,8.6,8.6,3.5226126186001574,4.153865490730185,0.0,0.0,1.0
M0810,S3,v_gyro:6:6:0.3:999:global:0,1870,1882,1869,2042.0,0.6,detected,2.052617402796818,8.6,8.6,3.263627625930082,3.572120897200535,0.0,0.0,1.0
M0811,S3,v_gyro:6:6:0.3:999:global:0,3470,3481,3468,3641.0,0.55,detected,2.3272073791694803,8.6,8.6,3.570842710581513,4.367994765859796,0.0,0.0,1.0
M0812,S3,v_gyro:6:6:0.3:999:global:0,3248,3259,3246,3419.0,0.55,detected,17.563570642880734,3.9,3.9,34.8989631529708,34.8989631529708,6.0,22972.836722412736,0.0
M0813,S3,v_gyro:6:6:0.3:999:global:0,3138,3148,3135,3308.0,0.5,detected,2.780968665232665,8.6,8.6,0.8785365643088827,3.96286419269009,1.0,2858.0043945483285,1.0
M0814,S3,v_gyro:6:6:0.3:999:global:0,3376,3388,3375,3548.0,0.6,detected,1.5182927374976174,8.6,8.6,3.03543090173887,4.591917300217899,0.0,0.0,1.0
M0815,S3,v_gyro:6:6:0.3:999:global:0,1638,1648,1635,1808.0,0.5,detected,2.25663295375937,4.7,4.7,40.253998992695294,40.253998992695294,4.0,20243.535973795355,0.0
M0816,S3,v_gyro:6:6:0.3:999:global:0,3134,3145,3132,3305.0,0.55,detected,2.0634922763376324,2.75,2.75,3.81149134325962,5.045374456422008,0.0,0.0,1.0
M0817,S3,v_gyro:6:6:0.3:999:global:0,3132,3142,3129,3302.0,0.5,detected,2.061852054304764,8.6,8.6,1.8486733365520496,4.205932502852014,0.0,0.0,1.0
M0818,S3,v_gyro:6:6:0.3:999:global:0,4296,4306,4293,4466.0,0.5,detected,2.429294114087858,8.6,8.6,1.667770287094288,3.798297310608675,0.0,0.0,1.0
M0819,S3,v_gyro:6:6:0.3:999:global:0,3676,3688,3675,3848.0,0.6,detected,1.7587810671498172,8.6,8.6,0.7718204184350171,2.1739362709157013,0.0,0.0,1.0
M0820,S3,v_gyro:6:6:0.3:999:global:0,4604,4615,4602,4775.0,0.55,detected,2.016827818177807,1.7000000000000002,1.7000000000000002,3.246820220486257,5.568678018498409,0.0,0.0,1.0
M0821,S3,v_gyro:6:6:0.3:999:global:0,2634,2644,2631,2804.0,0.5,detected,2.163595431382331,5.95,5.95,21.21759312766118,21.21759312766118,5.0,13543.611936512045,0.0
M0822,S3,v_gyro:6:6:0.3:999:global:0,1614,1624,1611,1784.0,0.5,detected,2.0820625011564005,8.6,8.6,3.968617109749264,4.433433980664473,0.0,0.0,1.0
M0823,S3,v_gyro:6:6:0.3:999:global:0,3222,3232,3219,3392.0,0.5,detected,1.463433681935864,8.6,8.6,1.6694167508490307,2.6530543351154505,0.0,0.0,1.0
M0824,S3,v_gyro:6:6:0.3:999:global:0,2666,2677,2664,2837.0,0.55,detected,1.3666550586685968,8.6,8.6,1.8898822824014925,4.313353478000047,0.0,0.0,1.0
M0825,S3,v_gyro:6:6:0.3:999:global:0,3886,3898,3885,4058.0,0.6,detected,2.203287251480951,5.0,5.0,36.46645478276873,36.46645478276873,4.0,19059.492804723282,0.0
M0826,S3,v_gyro:6:6:0.3:999:global:0,3632,3643,3630,3803.0,0.55,detected,2.099678206569968,5.0,5.0,27.897656616496803,27.897656616496803,3.0,16688.682536184766,0.0
M0827,S3,v_gyro:6:6:0.3:999:global:0,3816,3826,3813,3986.0,0.5,detected,2.338249712297709,8.6,8.6,2.511732678973669,3.012686128402441,0.0,0.0,1.0
M0828,S3,v_gyro:6:6:0.3:999:global:0,1834,1846,1833,2006.0,0.6,detected,1.1340122610716523,8.6,8.6,1.1757935388304308,2.260743152461324,0.0,0.0,1.0
M0829,S3,v_gyro:6:6:0.3:999:global:0,3330,3340,3327,3500.0,0.5,detected,3.1091288006636075,8.6,8.6,1.112026175111644,3.99817993428508,0.0,0.0,1.0
M0830,S3,v_gyro:6:6:0.3:999:global:0,2106,2116,2103,2276.0,0.5,detected,1.6060286677313236,8.6,8.6,2.5907124880221555,3.858489533614849,0.0,0.0,1.0
M0831,S3,v_gyro:6:6:0.3:999:global:0,2008,2020,2007,2180.0,0.6,detected,2.3821136236885603,5.3500000000000005,5.3500000000000005,29.8309105398932,29.8309105398932,10.0,17233.614704152013,0.0
M0832,S3,v_gyro:6:6:0.3:999:global:0,2588,2599,2586,2759.0,0.55,detected,2.021670079763738,8.6,8.6,3.591833311700205,4.052596474995974,0.0,0.0,1.0
M0833,S3,v_gyro:6:6:0.3:999:global:0,4790,4801,4788,4961.0,0.55,detected,3.2809120510267173,1.6,1.6,50.92205790021096,50.92205790021096,4.0,20251.69483291612,0.0
M0834,S3,v_gyro:6:6:0.3:999:global:0,2764,2776,2763,2936.0,0.6,detected,2.1652174603126766,8.6,8.6,4.013497432244049,4.013497432244049,0.0,0.0,1.0
M0835,S3,v_gyro:6:6:0.3:999:global:0,4014,4024,4011,4184.0,0.5,detected,2.32553504319653,1.35,1.35,55.54277648906103,55.54277648906103,8.0,13665.767314697488,0.0
M0836,S3,v_gyro:6:6:0.3:999:global:0,2200,2212,2199,2372.0,0.6,detected,1.709491782147273,8.6,8.6,3.5198204062770952,4.547776369807295,0.0,0.0,1.0
M0837,S3,v_gyro:6:6:0.3:999:global:0,3162,3172,3159,3332.0,0.5,detected,2.7817392365440385,8.6,8.6,1.440498802931209,3.922186042736187,0.0,0.0,1.0
M0838,S3,v_gyro:6:6:0.3:999:global:0,2868,2878,2865,3038.0,0.5,detected,2.526427965830037,8.6,8.6,3.6297100225442,4.947457160820229,0.0,0.0,1.0
M0839,S3,v_gyro:6:6:0.3:999:global:0,3698,3709,3696,3869.0,0.55,detected,2.124525034591947,8.6,8.6,4.356007404446988,4.637436717068092,0.0,0.0,1.0
M0840,S3,v_gyro:6:6:0.3:999:global:0,1794,1804,1791,1964.0,0.5,detected,2.094442918532037,8.6,8.6,2.502729062135685,4.038211111508754,0.0,0.0,1.0
M0841,S3,v_gyro:6:6:0.3:999:global:0,4142,4153,4140,4313.0,0.55,detected,1.5904123311309408,7.45,7.45,11.122268960542272,11.122268960542272,6.0,9781.701365146982,0.0
M0842,S3,v_gyro:6:6:0.3:999:global:0,4128,4138,4125,4298.0,0.5,detected,2.0412940090233502,8.6,8.6,0.3631305470646986,2.947559184068961,5.0,595.3103637695312,1.0
M0843,S3,v_gyro:6:6:0.3:999:global:0,2542,2554,2541,2714.0,0.6,detected,1.750315833881714,8.6,8.6,2.6217573772191485,3.223990463768527,0.0,0.0,1.0
M0844,S3,v_gyro:6:6:0.3:999:global:0,2150,2161,2148,2321.0,0.55,detected,1.5263605019898057,8.6,8.6,0.5302650806385971,2.652848428407167,0.0,0.0,1.0
M0845,S3,v_gyro:6:6:0.3:999:global:0,4734,4744,4731,4904.0,0.5,detected,26.184034730110344,3.4000000000000004,3.4000000000000004,41.56095326855055,41.56095326855055,2.0,21237.375981615387,0.0
M0846,S3,v_gyro:6:6:0.3:999:global:0,3130,3142,3129,3302.0,0.6,detected,2.061932851317427,8.6,8.6,3.027240617788286,3.894318450045728,0.0,0.0,1.0
M0847,S3,v_gyro:6:6:0.3:999:global:0,3542,3553,3540,3713.0,0.55,detected,1.4277728525021955,8.6,8.6,2.281462371727772,3.929732744034051,0.0,0.0,1.0
M0848,S3,v_gyro:6:6:0.3:999:global:0,1234,1246,1233,1406.0,0.6,detected,10.311918839186244,7.75,7.75,4.788193651141373,4.788193651141373,0.0,0.0,1.0
M0849,S3,v_gyro:6:6:0.3:999:global:0,3698,3709,3696,3869.0,0.55,detected,2.213126618818513,8.6,8.6,3.6674398672186346,4.2044103303660645,0.0,0.0,1.0
M0850,S3,lat_lon:45:12:0.3:99.995:global:3,4254,3784,3726,,-23.5,early,,,,,,,,
M0851,S3,v_gyro:6:6:0.3:999:global:0,3484,3496,3483,3656.0,0.6,detected,1.9890075150190611,2.2,2.2,3.568006338244943,5.1316217493266985,0.0,0.0,1.0
M0852,S3,v_gyro:6:6:0.3:999:global:0,2162,2173,2160,2333.0,0.55,detected,4.319215933251293,8.6,8.6,2.114158048513666,4.232811301834094,0.0,0.0,1.0
M0853,S3,v_gyro:6:6:0.3:999:global:0,1144,1156,1143,1316.0,0.6,detected,2.1077824950687294,1.5,1.5,25.97963282170998,25.97963282170998,6.0,21505.60571054126,0.0
M0854,S3,v_gyro:6:6:0.3:999:global:0,1914,1924,1911,2084.0,0.5,detected,2.165022356231816,8.6,8.6,3.0645912500821444,3.820210334746613,0.0,0.0,1.0
M0855,S3,v_gyro:6:6:0.3:999:global:0,1010,1021,1008,1181.0,0.55,detected,2.001050347428644,8.6,8.6,2.046520311060095,2.532494709604547,0.0,0.0,1.0
M0856,S3,v_gyro:6:6:0.3:999:global:0,1440,1450,1437,1610.0,0.5,detected,1.960688696161124,8.6,8.6,1.2663665525309058,3.330862302956524,0.0,0.0,1.0
M0857,S3,v_gyro:6:6:0.3:999:global:0,1882,1894,1881,2054.0,0.6,detected,2.001407468046005,8.6,8.6,1.255326120420832,3.3927624069151867,0.0,0.0,1.0
M0858,S3,v_gyro:6:6:0.3:999:global:0,4454,4465,4452,4625.0,0.55,detected,2.3025100356763395,8.6,8.6,1.587184590187082,4.22953061459193,0.0,0.0,1.0
M0859,S3,v_gyro:6:6:0.3:999:global:0,2046,2056,2043,2216.0,0.5,detected,3.1084694105685475,8.6,8.6,0.9733637445828516,3.822449738986863,0.0,0.0,1.0
M0860,S3,v_gyro:6:6:0.3:999:global:0,3428,3439,3426,3599.0,0.55,detected,2.000027184639506,8.6,8.6,2.338089905658614,2.8392983813525103,0.0,0.0,1.0
M0861,S3,v_gyro:6:6:0.3:999:global:0,3946,3958,3945,4118.0,0.6,detected,11.487141762675249,8.6,8.6,1.613746742264391,4.52873865876357,0.0,0.0,1.0
M0862,S3,v_gyro:6:6:0.3:999:global:0,2132,2143,2130,2303.0,0.55,detected,2.9502663422796984,8.6,8.6,1.7247704149754564,4.461027579023313,0.0,0.0,1.0
M0863,S3,v_gyro:6:6:0.3:999:global:0,4454,4465,4452,4625.0,0.55,detected,2.1925122435980557,4.45,4.45,4.70388522476101,5.700549398972035,11.0,2803.6572432868097,1.0
M0864,S3,v_gyro:6:6:0.3:999:global:0,4362,4372,4359,4532.0,0.5,detected,2.1444371477701205,8.6,8.6,2.4512974208909566,4.231285788153883,0.0,0.0,1.0
M0865,S3,v_gyro:6:6:0.3:999:global:0,1318,1330,1317,1490.0,0.6,detected,2.168305049350732,8.6,8.6,4.259860617144056,4.306334787324445,0.0,0.0,1.0
M0866,S3,v_gyro:6:6:0.3:999:global:0,4346,4357,4344,4517.0,0.55,detected,3.630783938587196,4.7,4.7,2.5875127567671323,5.172543294881314,0.0,0.0,1.0
M0867,S3,v_gyro:6:6:0.3:999:global:0,1834,1846,1833,2006.0,0.6,detected,2.147044421979006,8.6,8.6,3.485932877841025,4.086966198555111,0.0,0.0,1.0
M0868,S3,v_gyro:6:6:0.3:999:global:0,3978,3988,3975,4148.0,0.5,detected,2.22947780052363,8.6,8.6,3.2034513330302685,4.062483928659877,0.0,0.0,1.0
M0869,S3,v_gyro:6:6:0.3:999:global:0,1312,1324,1311,1480.0,0.6,detected,1.8956937320170368,2.0,2.0,1.3985660691901265,5.292257011796885,0.0,0.0,1.0
M0870,S3,v_gyro:6:6:0.3:999:global:0,2584,2596,2583,2756.0,0.6,detected,2.6649741633620847,7.800000000000001,7.800000000000001,4.983847076328372,5.142014418035237,0.0,0.0,1.0
M0871,S3,v_gyro:6:6:0.3:999:global:0,4066,4078,4065,4238.0,0.6,detected,2.3725374623029194,8.6,8.6,3.317305597148392,4.800744801785533,0.0,0.0,1.0
M0872,S3,v_gyro:6:6:0.3:999:global:0,3914,3925,3912,4085.0,0.55,detected,2.16373878318649,6.1000000000000005,6.1000000000000005,25.969453318982755,25.969453318982755,5.0,19528.38761419861,0.0
M0873,S3,v_gyro:6:6:0.3:999:global:0,1276,1288,1275,1448.0,0.6,detected,2.0918406742317943,8.6,8.6,1.3081406186152027,3.0053587071153127,0.0,0.0,1.0
M0874,S3,v_gyro:6:6:0.3:999:global:0,4232,4243,4230,4403.0,0.55,detected,1.8328513641536508,8.6,8.6,2.927796366732264,4.605219311289342,0.0,0.0,1.0
M0875,S3,v_gyro:6:6:0.3:999:global:0,1522,1534,1521,1694.0,0.6,detected,2.623811718741999,5.3500000000000005,5.3500000000000005,33.5921688412311,33.5921688412311,4.0,19673.00409547409,0.0
M0876,S3,v_gyro:6:6:0.3:999:global:0,3476,3487,3474,3647.0,0.55,detected,2.295637220349786,8.6,8.6,3.2570291138649483,4.295796024864961,0.0,0.0,1.0
M0877,S3,lat_lon:45:12:0.3:99.995:global:3,3416,2596,2538,,-41.0,early,,,,,,,,
M0878,S3,v_gyro:6:6:0.3:999:global:0,2854,2866,2853,3026.0,0.6,detected,2.013561397371993,8.6,8.6,3.419653255073728,3.847289331438182,0.0,0.0,1.0
M0879,S3,v_gyro:6:6:0.3:999:global:0,4002,4012,3999,4172.0,0.5,detected,1.9235414331085607,8.6,8.6,2.8719868555352166,3.90815979422056,0.0,0.0,1.0
M0880,S3,v_gyro:6:6:0.3:999:global:0,2564,2575,2562,2735.0,0.55,detected,3.1972952852414025,1.4,1.4,3.323057644091064,5.493914328774589,0.0,0.0,1.0
M0881,S3,v_gyro:6:6:0.3:999:global:0,2322,2332,2319,2492.0,0.5,detected,2.2305363041773827,3.3000000000000003,3.3000000000000003,3.0909437951416083,5.18214834454471,0.0,0.0,1.0
M0882,S3,v_gyro:6:6:0.3:999:global:0,1664,1675,1662,1835.0,0.55,detected,2.2254436568928813,8.6,8.6,2.5124079679099527,3.838036480643707,0.0,0.0,1.0
M0883,S3,v_gyro:6:6:0.3:999:global:0,3148,3160,3147,3320.0,0.6,detected,2.00778104977666,8.6,8.6,1.5399285427609402,3.2585889193513555,0.0,0.0,1.0
M0884,S3,v_gyro:6:6:0.3:999:global:0,3648,3658,3645,3818.0,0.5,detected,2.097693658603624,8.6,8.6,3.028036265176846,3.028036265176846,0.0,0.0,1.0
M0885,S3,v_gyro:6:6:0.3:999:global:0,3702,3712,3699,3872.0,0.5,detected,2.278677550946401,8.6,8.6,2.9072221702456864,4.104275900349713,0.0,0.0,1.0
M0886,S3,v_gyro:6:6:0.3:999:global:0,1178,1189,1176,1349.0,0.55,detected,2.370846733598019,8.6,8.6,3.122952162104453,4.12743881854894,0.0,0.0,1.0
M0887,S3,v_gyro:6:6:0.3:999:global:0,4842,4852,4839,5012.0,0.5,detected,2.0514752048893423,8.6,8.6,3.2457162341630323,3.3629597126806274,0.0,0.0,1.0
M0888,S3,v_gyro:6:6:0.3:999:global:0,1934,1945,1932,2105.0,0.55,detected,2.130848197731789,8.6,8.6,2.1278962828275225,4.579830464425212,0.0,0.0,1.0
M0889,S3,v_gyro:6:6:0.3:999:global:0,3072,3082,3069,3242.0,0.5,detected,2.036878187231463,8.6,8.6,3.1231174991769155,3.3416111424301063,0.0,0.0,1.0
M0890,S3,v_gyro:6:6:0.3:999:global:0,4206,4216,4203,4376.0,0.5,detected,2.7968569064356164,8.6,8.6,0.8732105336156175,3.0578565935017927,0.0,0.0,1.0
M0891,S3,v_gyro:6:6:0.3:999:global:0,1614,1624,1611,1784.0,0.5,detected,2.0707218954027358,8.6,8.6,4.3672169944515575,4.629471657661725,0.0,0.0,1.0
M0892,S3,v_gyro:6:6:0.3:999:global:0,2786,2797,2784,2957.0,0.55,detected,2.169987803513082,8.6,8.6,3.415404000460706,3.889949287340873,0.0,0.0,1.0
M0893,S3,v_gyro:6:6:0.3:999:global:0,1012,1024,1011,1184.0,0.6,detected,2.683630191599057,8.6,8.6,0.8444229619783598,3.512256287687956,4.0,2540.0180123808786,1.0
M0894,S3,v_gyro:6:6:0.3:999:global:0,2410,2422,2409,2582.0,0.6,detected,2.1351934566988087,8.6,8.6,2.9324564102314943,3.611820259992589,0.0,0.0,1.0
M0895,S3,v_gyro:6:6:0.3:999:global:0,3144,3154,3141,3314.0,0.5,detected,1.9544637979493624,8.6,8.6,2.851162602098424,4.049289621233402,0.0,0.0,1.0
M0896,S3,v_gyro:6:6:0.3:999:global:0,1644,1654,1641,1814.0,0.5,detected,3.850695585773794,8.6,8.6,2.382072240827849,4.3005869413388025,0.0,0.0,1.0
M0897,S3,v_gyro:6:6:0.3:999:global:0,1682,1693,1680,1853.0,0.55,detected,2.673692179774008,8.6,8.6,0.8266650992280136,2.8718194261704126,0.0,0.0,1.0
M0898,S3,v_gyro:6:6:0.3:999:global:0,1174,1186,1173,1334.0,0.6,detected,2.14922468421611,8.0,8.0,3.393303293093503,3.746653573335215,0.0,0.0,1.0
M0899,S3,v_gyro:6:6:0.3:999:global:0,3688,3700,3687,3860.0,0.6,detected,4.406038744038857,8.6,8.6,2.353714575985907,4.272138946239858,0.0,0.0,1.0
